genes	k	bic	cluster_sizes
10	2	18890.68995266468	494/325
10	3	18524.1855038545	237/325/257
10	4	18372.682498799215	254/222/103/240
10	5	18001.298545566126	253/241/126/137/62
10	6	17844.122726496254	79/325/94/20/249/52
10	7	17644.1777228953	127/137/246/42/126/62/79
10	8	17499.8220116195	213/148/104/79/54/73/71/77
100	2	56035.42714203444	494/325
100	3	55861.470746639505	229/325/265
100	4	56554.849129434915	295/71/163/290
100	5	56857.64959871756	140/123/196/185/175
100	6	57778.31958919758	178/131/62/154/98/196
100	7	58344.65317967735	112/123/130/139/99/102/114
100	8	59465.53177276452	102/115/48/103/92/154/89/116
1000	2	72994.63975106615	499/320
1000	3	71420.34352304597	283/141/395
1000	4	72068.15570166393	302/224/155/138
1000	5	72191.20208605433	199/141/113/236/130
1000	6	73159.68251155278	80/223/177/116/103/120
1000	7	74221.40076125052	69/106/177/133/76/156/102
1000	8	74438.8436600513	88/141/99/67/69/135/124/96
5000	2	81411.08385771698	483/336
5000	3	81649.44213350925	337/273/209
5000	4	81917.5097190146	191/217/199/212
5000	5	81759.82808988496	149/193/206/143/128
5000	6	81997.33330218431	106/88/112/203/107/203
5000	7	82756.25058447072	65/124/116/99/154/87/174
5000	8	83635.6215207192	95/173/110/58/83/95/92/113
10000	2	85289.83486542861	395/424
10000	3	85254.88515487827	248/373/198
10000	4	85615.49998159456	144/252/223/200
10000	5	86141.055028293	189/158/116/133/223
10000	6	86951.97374695803	153/105/185/141/93/142
10000	7	86708.87077184746	106/81/112/176/143/94/107
10000	8	87607.63685768854	54/84/103/116/79/151/152/80
