method	type	comparison	chi2	dof	p_value	adj_p_BH	ARI	pct_cells_expected_lt5
GMM	k vs k	5000 genes (k=2) vs 5000 genes (k=3)	470.29913957037536	2	7.513450341304102e-103	5.474085248664417e-102	0.4015412096312692	0.0
GMM	k vs k	5000 genes (k=3) vs 5000 genes (k=4)	669.6806252038933	6	2.1475309126895442e-141	1.8254012757861127e-140	0.31359692698316977	0.0
GMM	k vs k	5000 genes (k=4) vs 5000 genes (k=5)	782.9516118680684	12	7.483921536065781e-160	7.633599966787096e-159	0.23477941237664404	0.0
GMM	k vs k	5000 genes (k=5) vs 5000 genes (k=6)	1963.1839690507684	20	0.0	0.0	0.5590858807534066	0.0
GMM	k vs k	5000 genes (k=6) vs 5000 genes (k=7)	2416.65625435873	30	0.0	0.0	0.5897794116137101	0.0
GMM	k vs k	5000 genes (k=7) vs 5000 genes (k=8)	1730.236571207889	42	0.0	0.0	0.3430961063498465	1.7857142857142856
GMM	gene count vs gene count	10 genes (k=2) vs 100 genes (k=2)	814.8274333475388	1	3.223642502838705e-179	4.110144191119349e-178	1.0	0.0
GMM	gene count vs gene count	10 genes (k=2) vs 1000 genes (k=2)	0.13223257534806493	1	0.7161283669831657	0.7161283669831657	-0.0022237210781479587	0.0
GMM	gene count vs gene count	10 genes (k=2) vs 5000 genes (k=2)	8.29366347254005	1	0.003978364916640542	0.004140747158136075	0.0013766572705737118	0.0
GMM	gene count vs gene count	10 genes (k=2) vs 10000 genes (k=2)	10.110754105753397	1	0.001474066358312075	0.0015995188143386344	0.009560674953452109	0.0
GMM	gene count vs gene count	100 genes (k=2) vs 1000 genes (k=2)	0.13223257534806493	1	0.7161283669831657	0.7161283669831657	-0.0022237210781479587	0.0
GMM	gene count vs gene count	100 genes (k=2) vs 5000 genes (k=2)	8.29366347254005	1	0.003978364916640542	0.004140747158136075	0.0013766572705737118	0.0
GMM	gene count vs gene count	100 genes (k=2) vs 10000 genes (k=2)	10.110754105753397	1	0.001474066358312075	0.0015995188143386344	0.009560674953452109	0.0
GMM	gene count vs gene count	1000 genes (k=2) vs 5000 genes (k=2)	311.49324581142594	1	1.0326035743160767e-69	6.582847786264988e-69	0.39997587537556656	0.0
GMM	gene count vs gene count	1000 genes (k=2) vs 10000 genes (k=2)	81.95913353788237	1	1.3892980219964274e-19	6.441290829256164e-19	0.10045806608597356	0.0
GMM	gene count vs gene count	5000 genes (k=2) vs 10000 genes (k=2)	208.01539172668902	1	3.722722410698832e-47	2.1095426993960047e-46	0.2533793824992238	0.0
GMM	clusters vs groups	10 genes, k=2 vs TB/Healthy	20.365961538461534	1	6.3957366300107104e-06	8.154564203263655e-06	0.04047656964679907	0.0
GMM	clusters vs groups	10 genes, k=3 vs TB/Healthy	31.98843193632659	2	1.1318796782069208e-07	1.6978195173103812e-07	-0.002839049288069733	0.0
GMM	clusters vs groups	10 genes, k=4 vs TB/Healthy	32.20659158065682	3	4.734195566928295e-07	6.706777053148418e-07	0.013824997886658903	0.0
GMM	clusters vs groups	10 genes, k=5 vs TB/Healthy	44.252414838324654	4	5.686101776394691e-09	9.999696227452733e-09	0.025304719277334544	0.0
GMM	clusters vs groups	10 genes, k=6 vs TB/Healthy	26.735898899809957	5	6.420976469183162e-05	7.391038550642766e-05	-0.028185897276157893	16.666666666666664
GMM	clusters vs groups	10 genes, k=7 vs TB/Healthy	47.898531690924116	6	1.2380799301684514e-08	2.0368411754384202e-08	0.011504192343238243	7.142857142857142
GMM	clusters vs groups	10 genes, k=8 vs TB/Healthy	41.72563827049582	7	5.872290141439575e-07	8.094237762524819e-07	-0.0025581984335010266	0.0
GMM	clusters vs groups	100 genes, k=2 vs TB/Healthy	20.365961538461534	1	6.3957366300107104e-06	8.154564203263655e-06	0.04047656964679907	0.0
GMM	clusters vs groups	100 genes, k=3 vs TB/Healthy	23.005679157553153	2	1.0101369201738091e-05	1.2265948316396252e-05	-0.005163406732383213	0.0
GMM	clusters vs groups	100 genes, k=4 vs TB/Healthy	49.19248306653081	3	1.1870014267823313e-10	2.751685125722677e-10	0.020117304119573187	0.0
GMM	clusters vs groups	100 genes, k=5 vs TB/Healthy	27.748928980328206	4	1.4022904351940335e-05	1.663181678951063e-05	0.001159111493571504	0.0
GMM	clusters vs groups	100 genes, k=6 vs TB/Healthy	54.83862763333863	5	1.4090514715943814e-10	3.124418480491889e-10	0.005220816304766825	0.0
GMM	clusters vs groups	100 genes, k=7 vs TB/Healthy	68.21786481733336	6	9.480610613528527e-13	3.021944633062218e-12	0.005854194355998758	0.0
GMM	clusters vs groups	100 genes, k=8 vs TB/Healthy	57.589154173694965	7	4.564227733597891e-10	9.311024576539698e-10	-0.002230671628816931	6.25
GMM	clusters vs groups	1000 genes, k=2 vs TB/Healthy	28.871759761298918	1	7.733222295587508e-08	1.195134354772615e-07	0.052284478107581085	0.0
GMM	clusters vs groups	1000 genes, k=3 vs TB/Healthy	23.386600527598546	2	8.349572117737114e-06	1.038605312206324e-05	0.007322118620768624	0.0
GMM	clusters vs groups	1000 genes, k=4 vs TB/Healthy	42.6209605023008	3	2.961971086748904e-09	5.5948342749701515e-09	0.0009798691480315488	0.0
GMM	clusters vs groups	1000 genes, k=5 vs TB/Healthy	57.4790901991704	4	9.815410605551342e-12	2.502929704415592e-11	0.011666839926387724	0.0
GMM	clusters vs groups	1000 genes, k=6 vs TB/Healthy	64.549640069666	5	1.3896543455176445e-12	4.168963036552934e-12	0.012269860795331421	0.0
GMM	clusters vs groups	1000 genes, k=7 vs TB/Healthy	78.53313591193375	6	7.175847774349036e-15	2.6140588320842918e-14	0.004264024161024213	0.0
GMM	clusters vs groups	1000 genes, k=8 vs TB/Healthy	111.8287502621294	7	3.832012473563236e-21	1.95432636151725e-20	0.00632059238707124	0.0
GMM	clusters vs groups	5000 genes, k=2 vs TB/Healthy	15.94484768306636	1	6.521504603508323e-05	7.391038550642766e-05	0.03128698160266176	0.0
GMM	clusters vs groups	5000 genes, k=3 vs TB/Healthy	28.12205351385998	2	7.823006112310871e-07	1.04992976770488e-06	0.008907664255908169	0.0
GMM	clusters vs groups	5000 genes, k=4 vs TB/Healthy	56.02506529270136	3	4.149512321104945e-12	1.1756951576464012e-11	0.008706736541960927	0.0
GMM	clusters vs groups	5000 genes, k=5 vs TB/Healthy	78.2875852055137	4	4.0149974345266226e-16	1.5751143781604443e-15	0.013215110464136433	0.0
GMM	clusters vs groups	5000 genes, k=6 vs TB/Healthy	57.571491699142534	5	3.8553829624589126e-11	9.363072908828787e-11	0.00016259825053591484	0.0
GMM	clusters vs groups	5000 genes, k=7 vs TB/Healthy	64.21310190892184	6	6.244476362493551e-12	1.676148918353532e-11	0.00855007164276864	0.0
GMM	clusters vs groups	5000 genes, k=8 vs TB/Healthy	51.46881899864816	7	7.429164084818103e-09	1.2629578944190775e-08	-0.002012929449551483	0.0
GMM	clusters vs groups	10000 genes, k=2 vs TB/Healthy	27.171172795180574	1	1.862146301436292e-07	2.7134131820928825e-07	0.017816241901674575	0.0
GMM	clusters vs groups	10000 genes, k=3 vs TB/Healthy	43.40458697867765	2	3.7567620917877815e-10	7.983119445049035e-10	0.0436471565818281	0.0
GMM	clusters vs groups	10000 genes, k=4 vs TB/Healthy	38.579524427661084	3	2.1307381810679163e-08	3.3958639760769915e-08	0.006333562886292941	0.0
GMM	clusters vs groups	10000 genes, k=5 vs TB/Healthy	47.233352074439416	4	1.3634440668203007e-09	2.6744479772244357e-09	-0.00553832811789847	0.0
GMM	clusters vs groups	10000 genes, k=6 vs TB/Healthy	47.76799555114632	5	3.961094656014031e-09	7.214850980596985e-09	0.008917940346353848	0.0
GMM	clusters vs groups	10000 genes, k=7 vs TB/Healthy	90.3316844277352	6	2.5854682536637463e-17	1.0988240078070922e-16	-0.0011179012765462066	0.0
GMM	clusters vs groups	10000 genes, k=8 vs TB/Healthy	74.3361376655065	7	1.955917236194557e-13	6.650118603061494e-13	0.010770022610421499	0.0
