sample	group	gmm_g10_k2	gmm_g10_k3	gmm_g10_k4	gmm_g10_k5	gmm_g10_k6	gmm_g10_k7	gmm_g10_k8	gmm_g100_k2	gmm_g100_k3	gmm_g100_k4	gmm_g100_k5	gmm_g100_k6	gmm_g100_k7	gmm_g100_k8	gmm_g1000_k2	gmm_g1000_k3	gmm_g1000_k4	gmm_g1000_k5	gmm_g1000_k6	gmm_g1000_k7	gmm_g1000_k8	gmm_g5000_k2	gmm_g5000_k3	gmm_g5000_k4	gmm_g5000_k5	gmm_g5000_k6	gmm_g5000_k7	gmm_g5000_k8	gmm_g10000_k2	gmm_g10000_k3	gmm_g10000_k4	gmm_g10000_k5	gmm_g10000_k6	gmm_g10000_k7	gmm_g10000_k8
SRR4784227	TB	2	2	3	3	2	5	6	2	2	4	4	2	7	8	2	1	2	2	5	3	6	2	2	4	2	4	1	8	2	2	1	5	5	2	5
SRR4784228	TB	2	2	3	3	2	5	6	2	2	4	4	2	7	8	2	1	2	2	5	3	6	2	2	4	2	4	1	8	2	2	1	5	5	2	5
SRR4784229	TB	2	2	3	3	2	5	6	2	2	4	4	2	7	8	1	1	2	2	3	3	6	1	1	4	2	4	1	2	2	2	1	5	6	4	7
SRR4784230	TB	2	2	3	3	2	5	6	2	2	4	4	2	7	8	1	1	2	2	3	3	6	1	1	4	2	4	1	2	2	2	1	5	6	4	7
SRR4784231	TB	2	2	3	3	2	5	6	2	2	2	4	2	7	8	1	1	2	2	3	3	6	1	1	4	2	4	5	2	2	2	1	5	6	4	7
SRR4784232	TB	2	2	3	3	2	5	6	2	2	2	4	2	7	8	1	1	2	2	3	3	6	1	1	4	2	4	5	2	2	2	1	5	6	4	7
SRR4784233	TB	2	2	2	3	2	5	6	2	2	2	4	2	7	8	1	1	2	2	3	3	6	1	1	4	2	4	5	2	2	2	1	5	6	4	7
SRR4784234	TB	2	2	2	3	2	5	6	2	2	2	4	2	7	8	1	1	2	2	3	3	6	1	1	4	2	4	5	2	2	2	1	5	6	4	7
SRR4784235	TB	2	2	2	5	2	6	2	2	2	4	1	4	5	2	1	1	3	5	1	7	3	1	3	1	5	4	5	2	2	2	2	5	3	4	4
SRR4784236	TB	2	2	2	5	2	6	2	2	2	4	1	4	5	2	1	1	3	5	1	7	3	1	3	1	5	4	5	2	2	2	2	5	3	4	4
SRR4784237	TB	2	2	2	4	2	2	2	2	2	4	4	3	1	5	1	1	2	5	3	3	2	1	3	2	5	4	5	2	2	2	2	5	3	4	4
SRR4784238	TB	2	2	2	5	2	6	2	2	2	4	4	3	1	5	1	1	2	5	3	3	2	1	3	2	5	4	5	2	2	2	2	5	3	4	4
SRR4784239	TB	2	2	2	4	2	2	2	2	2	4	1	4	7	8	2	1	2	2	5	5	6	2	2	4	2	4	1	2	2	2	3	5	5	2	5
SRR4784240	TB	2	2	2	4	2	2	2	2	2	4	1	4	7	8	2	1	2	2	5	5	6	2	2	4	2	4	1	2	1	2	3	5	5	2	5
SRR4784241	TB	2	2	2	4	2	2	2	2	2	4	1	4	7	8	2	1	2	2	5	5	6	2	2	4	2	4	1	2	2	3	3	5	5	4	7
SRR4784242	TB	2	2	2	4	2	2	2	2	2	4	1	4	7	8	2	1	2	2	5	5	6	2	2	4	2	4	1	2	2	3	3	5	5	4	7
SRR4784243	TB	2	2	2	3	2	5	6	2	2	4	1	3	1	5	1	1	4	3	3	3	2	1	1	3	2	4	5	2	2	2	1	1	4	4	7
SRR4784244	TB	2	2	3	3	2	5	6	2	2	4	1	3	1	5	1	1	4	3	3	3	2	1	1	3	2	4	5	2	2	2	1	1	4	4	7
SRR4784245	TB	2	2	3	3	2	5	6	2	2	4	1	3	1	5	1	1	4	3	3	3	2	1	1	3	2	4	5	2	2	2	1	1	4	4	7
SRR4784246	TB	2	2	3	3	2	5	6	2	2	4	1	3	1	5	1	1	4	3	3	3	2	1	1	3	2	4	5	2	2	2	1	1	4	4	7
SRR4784247	TB	2	2	2	3	2	5	6	2	2	4	1	3	1	5	1	1	4	5	3	3	2	1	3	2	2	4	5	2	2	1	1	4	2	4	7
SRR4784248	TB	2	2	2	3	2	5	6	2	2	4	1	3	1	5	1	1	4	5	3	3	2	1	3	2	2	4	5	2	2	1	1	4	2	4	7
SRR4784249	TB	2	2	3	3	2	5	6	2	2	4	1	3	1	5	1	1	4	3	3	3	2	1	1	3	2	4	5	2	2	2	1	1	4	4	7
SRR4784250	TB	2	2	3	3	2	5	6	2	2	4	1	3	1	5	1	1	4	3	3	3	2	1	1	3	2	4	5	2	2	2	1	1	4	4	7
SRR4784251	TB	2	2	2	3	2	5	3	2	2	4	4	3	1	5	1	1	2	5	3	1	2	1	1	3	2	4	1	2	2	2	2	5	3	1	7
SRR4784252	TB	2	2	3	4	2	2	3	2	2	4	4	3	1	5	1	1	2	5	3	1	2	1	1	3	2	4	1	2	2	2	2	5	3	1	7
SRR4784253	TB	2	2	3	4	2	2	3	2	2	4	4	3	1	5	1	2	2	5	3	1	2	1	1	3	1	4	6	2	2	2	2	5	3	1	7
SRR4784254	TB	2	2	3	4	2	2	3	2	2	4	4	3	1	5	1	2	2	5	3	1	2	1	1	3	1	4	6	2	2	2	2	5	3	1	7
SRR4784255	TB	2	2	3	4	2	2	3	2	2	4	4	3	7	8	1	1	2	2	3	3	2	1	1	3	2	4	6	2	2	2	2	5	3	1	7
SRR4784256	TB	2	2	3	4	2	2	3	2	2	4	4	3	1	5	1	1	2	2	3	3	2	1	1	3	2	4	6	2	2	2	2	5	3	1	7
SRR4784257	TB	2	2	2	3	2	5	3	2	2	4	1	3	1	5	1	1	2	5	3	1	2	1	1	3	2	4	1	2	2	2	4	5	3	1	7
SRR4784258	TB	2	2	3	4	2	2	3	2	2	4	1	3	1	5	1	1	2	5	3	1	2	1	1	3	2	4	1	2	2	2	4	5	3	1	7
SRR4784260	TB	1	1	4	2	5	3	1	1	1	1	3	6	3	7	2	3	3	1	2	4	1	2	3	2	3	3	7	1	2	1	4	4	2	7	8
SRR4784261	TB	1	1	4	2	5	3	1	1	1	1	3	6	3	7	1	3	3	1	2	4	1	2	3	2	3	6	7	1	2	1	4	4	6	7	8
SRR4784262	TB	1	1	4	2	5	3	1	1	1	1	3	6	3	7	1	3	3	1	2	4	1	2	3	2	3	6	7	1	2	1	4	4	6	7	8
SRR4784263	TB	1	3	1	1	5	3	1	1	1	1	3	1	3	7	1	3	3	1	4	4	3	1	3	2	5	3	2	1	2	1	4	4	2	6	3
SRR4784264	TB	1	3	1	1	5	3	1	1	1	1	3	1	3	7	1	3	3	1	4	4	3	1	3	2	5	3	2	1	2	1	4	4	2	6	3
SRR4784265	TB	1	1	4	2	5	3	1	1	1	1	3	6	3	7	2	3	3	1	2	4	1	2	3	2	3	6	7	1	1	1	4	4	6	7	8
SRR4784266	TB	1	1	4	2	5	3	1	1	1	1	3	6	3	7	2	3	3	1	2	4	1	2	3	2	3	6	7	1	1	1	4	4	6	7	8
SRR4784267	TB	1	1	4	2	5	3	8	1	1	1	2	6	2	6	2	3	1	4	2	4	7	2	2	1	2	1	4	5	1	3	3	2	1	5	6
SRR4784268	TB	1	1	4	2	5	3	8	1	1	1	2	6	2	6	2	3	1	4	2	4	7	2	2	1	2	1	4	5	1	3	3	2	1	5	6
SRR4784269	TB	1	1	4	2	5	3	8	1	1	1	2	6	2	6	2	3	1	4	2	4	7	2	2	1	2	1	6	5	1	3	3	2	1	5	6
SRR4784270	TB	1	1	4	2	5	3	8	1	1	1	2	6	2	6	2	3	1	4	2	4	7	2	2	1	2	1	6	5	1	3	3	2	1	5	6
SRR4784271	TB	1	1	4	2	5	3	8	1	1	1	3	6	2	4	2	3	1	4	2	4	7	2	2	1	2	1	4	5	1	3	3	2	1	5	6
SRR4784272	TB	1	1	4	2	5	3	8	1	1	1	3	6	3	7	2	3	1	4	2	4	7	2	2	1	2	1	4	5	1	3	3	2	1	5	6
SRR4784273	TB	1	1	4	2	5	3	8	1	1	1	3	6	2	6	2	3	1	4	2	4	7	2	2	1	2	1	4	5	1	3	3	2	1	5	6
SRR4784274	TB	1	1	4	2	5	3	8	1	1	1	3	6	2	6	2	3	1	4	2	4	7	2	2	1	2	1	4	5	1	3	3	2	1	5	6
SRR4784275	TB	2	2	3	4	2	2	6	2	2	4	4	4	5	2	2	1	3	5	4	7	2	1	3	2	5	3	2	7	2	2	4	5	2	6	3
SRR4784276	TB	2	2	3	3	2	5	6	2	2	4	4	4	5	2	2	1	3	5	4	7	3	1	3	2	5	3	2	7	2	2	4	5	2	6	3
SRR4784277	TB	2	2	3	4	2	2	6	2	2	4	4	4	1	2	2	1	3	5	1	3	2	1	1	2	1	4	5	3	2	3	4	5	3	4	4
SRR4784278	TB	2	2	3	4	2	2	6	2	2	4	4	4	1	2	2	1	3	5	1	3	2	1	1	2	1	4	5	3	2	3	4	5	3	4	4
SRR4784279	TB	2	2	3	4	2	2	6	2	2	4	4	4	1	2	2	1	3	5	3	3	2	1	3	2	2	4	1	2	2	2	1	5	6	7	7
SRR4784280	TB	2	2	3	4	2	2	6	2	2	4	4	4	1	2	2	1	3	5	3	3	2	1	3	2	2	4	1	2	2	2	1	5	6	7	7
SRR4784281	TB	1	1	4	2	5	3	1	1	3	1	5	1	3	7	1	3	3	1	4	7	3	1	3	2	5	3	2	7	2	2	4	4	2	6	3
SRR4784282	TB	1	3	1	1	5	3	1	1	3	1	5	1	3	7	1	3	3	1	4	7	3	1	3	2	5	3	2	7	2	2	4	4	2	6	3
SRR4784283	TB	1	3	1	1	5	3	1	1	3	2	2	5	2	4	1	3	4	3	6	2	8	1	1	3	1	2	3	3	2	2	2	3	3	3	4
SRR4784284	TB	1	3	1	1	5	3	1	1	3	2	2	5	2	4	1	3	4	3	6	2	8	1	1	3	1	2	3	3	2	2	2	3	3	3	4
SRR4784285	TB	1	3	1	1	5	3	1	1	3	1	5	1	3	7	1	3	1	4	4	6	3	2	2	1	4	1	2	8	1	3	3	2	1	5	6
SRR4784286	TB	1	3	1	1	5	3	1	1	3	1	5	1	3	7	1	3	1	4	4	6	3	2	2	1	4	1	2	8	1	3	3	2	1	5	6
SRR4784287	TB	1	3	1	1	6	3	5	1	3	1	5	1	3	7	1	2	3	1	4	7	3	1	3	2	5	3	2	7	2	1	4	4	2	6	3
SRR4784288	TB	1	3	1	1	6	3	5	1	3	1	5	1	3	7	1	2	3	1	4	7	3	1	3	2	5	3	2	7	2	1	4	4	2	6	3
SRR4784289	Healthy	2	2	2	5	2	6	2	2	2	4	4	2	7	8	2	1	2	2	5	5	6	2	2	1	2	4	5	2	1	3	3	5	1	4	7
SRR4784290	Healthy	2	2	2	5	2	6	2	2	2	4	4	2	7	8	2	1	2	2	5	5	6	2	2	1	2	4	5	2	1	3	3	5	1	4	7
SRR4784292	TB	1	1	4	2	5	3	1	1	1	1	3	6	4	6	2	3	1	4	5	6	4	2	2	4	4	1	4	8	1	2	3	2	5	2	5
SRR4784293	TB	1	3	1	1	5	3	1	1	1	1	2	6	4	6	1	3	1	1	6	2	5	1	1	3	1	5	3	6	2	2	2	3	3	1	2
SRR4784294	TB	1	1	4	2	5	3	1	1	1	1	2	6	4	6	1	3	1	1	6	2	5	1	1	3	1	5	3	6	2	2	2	3	3	1	2
SRR4784295	TB	1	1	4	2	5	3	1	1	1	1	3	6	4	6	2	3	1	4	5	6	4	2	2	4	4	1	4	8	1	1	3	2	5	2	5
SRR4784296	TB	1	1	4	2	5	3	1	1	1	2	3	6	4	6	2	3	1	4	5	6	4	2	2	4	4	1	4	8	1	1	3	2	5	2	5
SRR4784297	TB	1	1	4	2	5	3	1	1	1	1	3	6	4	6	2	3	1	4	5	6	4	2	2	4	4	1	4	8	1	1	3	2	5	2	5
SRR4784298	TB	1	3	1	1	5	3	1	1	1	1	3	6	4	6	2	3	1	4	5	6	4	2	2	4	4	1	4	8	1	1	3	2	5	2	5
SRR4784299	TB	1	1	4	2	4	1	1	1	1	1	5	5	6	1	2	3	4	1	2	6	5	2	3	3	3	6	7	6	2	2	1	1	4	5	2
SRR4784300	TB	1	1	4	2	4	1	1	1	1	1	5	5	6	1	2	3	4	1	2	6	5	2	3	3	3	6	7	6	2	2	1	1	4	5	2
SRR4784301	TB	1	1	4	2	4	1	1	1	1	1	5	5	6	1	2	3	4	1	2	4	1	2	3	3	3	6	7	6	2	2	1	1	4	1	2
SRR4784302	TB	1	1	4	2	4	1	1	1	1	1	5	5	6	1	2	3	4	1	2	4	1	2	3	3	3	6	7	6	2	2	1	1	4	1	2
SRR4784303	TB	1	1	4	2	4	1	1	1	1	1	5	5	6	1	2	3	4	1	2	4	1	2	3	3	3	6	7	1	2	2	1	1	4	7	8
SRR4784304	TB	1	1	4	2	4	1	1	1	1	1	5	5	6	1	2	3	4	1	2	4	1	2	3	3	3	6	7	1	2	2	1	1	4	7	8
SRR4784305	TB	1	1	4	2	4	1	1	1	1	1	5	5	6	1	2	3	4	1	2	4	1	2	3	3	3	6	7	1	2	2	1	1	6	7	8
SRR4784306	TB	1	1	4	2	4	1	1	1	1	1	5	5	6	1	2	3	4	1	2	4	1	2	3	3	3	6	7	1	2	2	1	1	6	7	8
SRR4784307	TB	1	3	1	1	1	7	4	1	3	3	5	1	3	3	1	2	3	1	6	2	8	1	1	3	1	2	3	3	2	2	4	3	3	3	4
SRR4784308	TB	1	3	1	1	1	7	4	1	3	3	5	1	3	3	1	2	3	1	6	2	8	1	1	3	1	2	3	3	2	2	4	3	3	3	4
SRR4784309	TB	1	3	1	1	6	4	5	1	3	1	5	1	3	7	1	3	3	1	4	7	3	1	1	2	5	3	3	1	1	1	4	4	2	7	3
SRR4784310	TB	1	3	1	1	6	4	5	1	3	1	5	1	3	7	1	3	3	1	4	7	3	1	1	2	5	3	3	1	2	1	4	4	2	7	3
SRR4784311	TB	1	3	1	1	1	7	4	1	3	3	5	1	3	4	1	2	4	3	6	1	5	1	1	3	5	5	6	6	2	2	1	1	4	1	2
SRR4784312	TB	1	3	1	1	1	7	4	1	3	3	5	1	3	4	1	2	4	3	6	1	5	1	1	3	5	5	6	6	2	2	1	1	4	1	2
SRR4784313	TB	1	1	4	2	1	1	8	1	3	3	2	3	2	4	1	2	4	3	6	1	5	1	1	3	2	5	6	6	2	2	2	1	4	1	2
SRR4784314	TB	1	1	4	2	3	1	7	1	3	3	2	3	2	4	1	2	4	3	6	1	5	1	1	3	2	5	6	6	2	2	2	1	4	1	2
SRR4784315	TB	1	1	4	2	3	1	7	1	3	3	2	3	2	4	1	2	4	3	6	1	5	1	1	3	2	5	6	6	2	2	2	1	4	1	2
SRR4784316	TB	1	1	4	2	3	1	7	1	3	3	2	3	2	4	1	2	4	3	6	1	5	1	1	3	2	5	6	6	2	2	2	1	4	1	2
SRR4784317	TB	1	1	4	2	3	1	7	1	3	3	2	3	2	4	1	2	4	3	6	1	5	1	1	3	2	5	6	6	2	2	2	1	4	1	2
SRR4784318	TB	1	1	4	2	3	1	7	1	3	3	2	3	2	4	1	2	4	3	6	1	5	1	1	3	2	5	6	6	2	2	2	1	4	1	2
SRR4784319	TB	1	1	4	2	3	1	7	1	3	3	2	3	2	4	1	2	4	3	6	1	5	1	1	3	2	5	6	6	2	2	2	1	4	1	2
SRR4784320	TB	1	1	4	2	3	1	7	1	3	3	2	3	2	4	1	2	4	3	6	1	5	1	1	3	2	5	6	6	2	2	2	1	4	1	2
SRR4784321	TB	1	3	1	1	3	7	4	1	3	3	5	1	3	3	1	3	3	1	4	4	1	1	3	2	5	3	2	1	1	1	4	4	2	6	3
SRR4784322	TB	1	3	1	1	3	7	4	1	3	3	5	1	3	3	1	3	3	1	4	4	1	1	3	2	5	3	2	1	1	1	4	4	2	6	3
SRR4784323	TB	1	3	1	1	3	7	4	1	3	3	5	1	3	7	1	3	3	1	4	4	1	1	3	2	5	3	2	1	1	1	4	2	2	5	3
SRR4784324	TB	1	3	1	1	3	7	4	1	3	3	5	1	3	7	1	3	3	1	4	4	1	1	3	2	5	3	2	1	1	1	4	2	2	5	3
SRR4784325	TB	1	3	1	1	3	7	4	1	3	3	5	1	3	7	1	3	3	1	4	4	1	1	3	2	5	3	2	1	1	1	4	4	2	6	3
SRR4784326	TB	1	3	1	1	3	7	4	1	3	3	5	1	3	7	1	3	3	1	4	4	1	1	3	2	5	3	2	1	1	1	4	4	2	6	3
SRR4784327	TB	1	3	1	1	6	3	5	1	3	1	5	1	3	7	1	2	3	1	4	7	3	1	3	2	5	3	3	7	2	2	2	4	2	6	3
SRR4784328	TB	1	3	1	1	6	3	5	1	3	1	5	1	3	7	1	2	3	1	4	7	3	1	3	2	5	3	3	7	2	2	2	3	2	6	3
SRR4784329	TB	1	3	1	1	5	3	1	1	3	1	2	1	2	4	1	2	4	3	6	2	8	1	1	3	1	2	3	3	2	2	2	3	3	1	4
SRR4784330	TB	1	3	1	1	5	3	1	1	3	1	2	1	2	4	1	2	4	3	6	2	8	1	1	3	1	2	3	3	2	2	2	3	3	1	4
SRR4784331	TB	1	3	1	1	5	3	1	1	3	1	5	1	4	7	2	3	1	4	5	4	1	2	3	4	4	3	2	8	1	1	3	2	1	6	5
SRR4784332	TB	1	1	4	2	5	3	1	1	3	1	5	1	4	7	2	3	1	4	5	4	1	2	3	4	4	1	2	8	1	1	3	2	1	6	5
SRR4784333	TB	1	3	1	1	5	3	1	1	3	1	5	1	3	7	1	3	3	1	4	7	3	1	3	2	5	3	3	7	2	2	2	4	2	6	3
SRR4784334	TB	1	3	1	1	5	3	1	1	3	1	5	1	3	7	1	3	3	1	4	7	3	1	3	2	5	3	3	7	2	2	2	4	2	6	3
SRR4784335	TB	1	3	1	1	3	7	4	1	3	3	5	1	3	3	1	3	3	1	4	4	8	1	3	2	5	3	2	1	2	2	4	4	2	6	3
SRR4784336	TB	1	3	1	1	3	7	4	1	3	3	5	1	3	3	1	3	3	1	4	4	8	1	3	2	5	3	2	1	2	2	4	4	2	6	3
SRR4784337	TB	1	3	1	1	3	7	4	1	3	3	5	1	2	3	1	2	4	3	6	2	8	1	1	3	1	2	3	3	2	2	2	3	3	3	4
SRR4784338	TB	1	3	1	1	3	7	4	1	3	3	5	1	2	3	1	2	4	3	6	2	8	1	1	3	1	2	3	3	2	2	2	3	3	3	4
SRR4784339	TB	1	3	1	1	3	7	4	1	3	3	5	1	6	1	1	3	1	4	5	6	4	1	1	4	4	1	4	8	1	1	3	2	5	2	5
SRR4784340	TB	1	3	1	1	3	7	4	1	3	3	5	1	6	1	1	3	1	4	5	6	4	1	1	4	4	1	4	8	1	1	3	2	5	2	5
SRR4784341	TB	1	3	1	1	3	7	4	1	3	3	5	1	3	3	1	3	3	1	4	4	8	1	3	2	5	3	2	1	2	2	4	4	2	6	3
SRR4784342	TB	1	3	1	1	3	7	4	1	3	3	5	1	3	3	1	3	3	1	4	4	8	1	3	2	5	3	2	1	2	2	4	4	2	6	3
SRR4784343	TB	1	3	1	1	3	4	7	1	3	1	5	1	3	7	2	3	3	1	4	6	5	2	3	2	4	1	2	6	1	1	3	2	1	5	6
SRR4784344	TB	1	3	1	1	3	4	7	1	3	1	5	1	3	7	2	3	3	1	4	6	5	2	3	2	4	1	2	6	1	1	3	2	1	5	6
SRR4784345	TB	1	3	1	1	6	4	5	1	3	1	5	1	3	7	1	3	3	1	4	7	3	1	3	2	5	3	2	7	1	1	4	4	2	6	3
SRR4784346	TB	1	3	1	1	6	4	5	1	3	1	5	1	3	7	1	3	3	1	4	7	3	1	3	2	5	3	2	7	1	1	4	4	2	6	3
SRR4784347	TB	1	1	4	2	1	1	8	1	1	1	3	6	6	1	2	3	1	1	4	6	4	2	3	4	4	1	4	8	1	1	3	2	5	2	5
SRR4784348	TB	1	1	4	2	3	1	7	1	1	1	5	6	6	1	2	3	1	1	4	6	4	2	3	4	4	1	4	8	1	1	3	2	5	2	5
SRR4784349	TB	1	3	1	1	3	4	7	1	3	1	5	1	3	7	2	3	3	1	4	7	3	2	3	2	5	3	2	4	1	1	4	4	2	6	3
SRR4784350	TB	1	3	1	1	3	4	7	1	3	1	5	1	3	7	2	3	3	1	4	7	3	2	3	2	5	3	2	4	1	1	4	4	2	6	3
SRR4784351	TB	1	3	1	1	5	3	1	1	1	3	3	1	4	6	1	3	1	4	2	4	1	1	1	4	3	6	7	1	2	1	2	1	1	3	6
SRR4784352	TB	1	3	1	1	5	3	1	1	1	3	3	1	4	6	1	3	1	4	2	4	1	1	1	4	3	6	7	1	2	1	2	1	1	3	6
SRR4784353	TB	1	3	1	1	5	3	1	1	1	3	3	1	4	6	2	3	1	4	5	4	1	2	2	4	3	1	4	8	1	1	3	2	5	2	1
SRR4784354	TB	1	3	1	1	5	3	1	1	1	3	3	1	4	6	2	3	1	4	5	4	1	2	2	4	3	1	4	8	1	1	3	2	5	2	1
SRR4784355	TB	1	3	1	1	5	3	1	1	1	3	3	1	4	6	1	3	1	4	2	4	1	1	1	3	3	6	7	6	2	2	2	1	4	3	6
SRR4784356	TB	1	3	1	1	5	3	1	1	1	3	3	1	4	6	1	3	1	4	2	4	1	1	1	3	3	6	7	6	2	2	2	1	4	3	6
SRR4784357	TB	2	2	2	4	2	2	2	2	2	4	4	3	1	5	1	2	4	3	3	1	2	1	1	3	2	4	6	2	2	2	2	5	1	1	7
SRR4784358	TB	2	2	2	4	2	2	3	2	2	4	4	3	1	5	1	2	4	3	3	1	2	1	1	3	2	4	6	2	2	2	2	5	1	1	7
SRR4784359	TB	2	2	2	4	2	2	3	2	2	4	4	3	1	5	1	2	4	3	3	1	2	1	1	3	1	2	3	3	2	2	2	3	3	1	2
SRR4784360	TB	2	2	2	4	2	2	3	2	2	4	4	3	1	5	1	2	4	3	3	1	2	1	1	3	1	2	3	3	2	2	2	3	3	1	2
SRR4784361	TB	2	2	2	4	2	2	3	2	2	4	4	3	1	5	1	2	4	3	3	1	2	1	1	3	2	5	6	2	2	2	2	1	3	1	2
SRR4784362	TB	2	2	2	4	2	2	3	2	2	4	4	3	1	5	1	2	4	3	3	1	2	1	1	3	2	5	6	2	2	2	2	1	3	1	2
SRR4784363	TB	2	2	2	4	2	2	3	2	2	4	4	3	1	5	1	2	4	3	3	1	2	1	1	3	2	5	6	2	2	2	2	5	3	1	2
SRR4784364	TB	2	2	2	4	2	2	2	2	2	4	4	3	1	5	1	2	4	3	3	1	2	1	1	3	2	5	6	2	2	2	2	5	3	1	2
SRR4784365	TB	2	2	2	3	2	5	3	2	2	4	4	3	1	5	1	1	2	5	3	3	2	1	3	2	2	5	5	2	2	2	2	5	3	1	7
SRR4784366	TB	2	2	3	4	2	2	3	2	2	4	4	3	1	5	1	1	2	5	3	3	2	1	3	2	2	5	5	2	2	2	2	5	3	1	7
SRR4784367	TB	2	2	3	4	2	2	3	2	2	4	4	4	1	5	1	1	2	5	3	3	2	1	3	2	2	5	6	2	2	2	4	5	3	3	2
SRR4784368	TB	2	2	3	4	2	2	6	2	2	4	4	4	1	5	1	1	2	5	3	3	2	1	3	2	2	5	6	2	2	2	4	5	3	3	2
SRR4784369	TB	2	2	3	4	2	2	3	2	2	4	4	4	1	5	1	1	2	5	3	3	2	1	3	2	2	4	1	2	2	2	4	5	6	4	7
SRR4784370	TB	2	2	3	4	2	2	3	2	2	4	4	4	1	5	1	1	2	5	3	3	2	1	3	2	2	4	1	2	2	2	4	5	6	4	7
SRR4784371	TB	2	2	3	4	2	2	3	2	2	4	4	4	1	5	1	1	2	5	3	3	2	1	3	2	2	4	5	2	2	2	4	5	6	4	7
SRR4784372	TB	2	2	3	4	2	2	3	2	2	4	4	4	1	5	1	1	2	5	3	3	2	1	3	2	2	4	5	2	2	2	4	5	6	4	7
SRR4784373	TB	2	2	2	4	2	2	2	2	2	4	1	4	5	2	1	1	2	5	3	3	3	1	3	1	2	4	5	2	1	3	4	5	6	4	7
SRR4784374	TB	2	2	2	4	2	2	2	2	2	4	1	4	5	2	1	1	2	5	3	3	3	1	3	1	2	4	5	2	1	3	4	5	6	4	7
SRR4784375	TB	2	2	2	4	2	2	2	2	2	4	1	4	5	2	1	1	2	5	3	3	2	1	1	1	2	4	5	2	1	3	4	5	6	4	7
SRR4784376	TB	2	2	2	4	2	2	2	2	2	4	1	4	5	2	1	1	2	5	3	3	2	1	1	1	2	4	5	2	1	3	4	5	6	4	7
SRR4784377	TB	2	2	2	4	2	2	2	2	2	4	1	4	5	2	1	1	2	5	3	3	3	1	3	1	2	4	5	2	1	3	4	5	6	4	7
SRR4784378	TB	2	2	2	4	2	2	2	2	2	4	1	4	5	2	1	1	2	5	3	3	3	1	3	1	2	4	5	2	1	3	4	5	6	4	7
SRR4784379	TB	2	2	2	4	2	2	2	2	2	4	1	4	5	2	1	1	2	5	3	3	3	1	3	1	2	4	5	2	1	3	4	5	6	4	7
SRR4784380	TB	2	2	2	3	2	5	2	2	2	4	1	4	5	2	1	1	2	5	3	3	3	1	3	1	2	4	5	2	1	3	4	5	6	4	7
SRR4784381	TB	2	2	2	3	2	5	6	2	2	2	4	2	7	8	1	1	2	2	3	3	2	1	1	1	1	4	3	2	1	3	4	5	3	4	7
SRR4784382	TB	2	2	2	3	2	5	6	2	2	2	4	2	7	8	1	1	2	2	3	3	2	1	1	1	1	4	3	2	1	3	4	5	3	4	7
SRR4784383	TB	2	2	3	3	2	5	6	2	2	2	4	2	7	8	1	1	2	2	5	3	6	1	2	4	4	4	1	2	1	1	4	5	6	4	7
SRR4784384	TB	2	2	3	3	2	5	6	2	2	2	4	2	7	8	1	1	2	2	5	3	6	1	2	4	4	4	1	2	1	1	4	5	6	4	7
SRR4784385	TB	1	3	1	1	5	3	1	1	3	3	2	5	2	4	1	2	4	3	6	2	8	1	1	3	1	5	3	3	2	2	2	3	3	1	4
SRR4784386	TB	1	1	4	2	5	3	1	1	3	3	2	5	2	4	1	2	4	3	6	2	8	1	1	3	1	5	3	3	2	2	2	3	3	1	4
SRR4784387	TB	1	3	4	2	5	3	1	1	3	3	2	3	2	4	1	2	4	3	6	1	8	1	1	3	1	5	3	3	2	2	2	3	3	1	4
SRR4784388	TB	1	1	4	2	5	3	1	1	3	3	2	3	2	4	1	2	4	3	6	1	8	1	1	3	1	5	3	3	2	2	2	3	3	1	4
SRR4784389	TB	1	1	4	2	5	3	1	1	3	3	2	3	2	4	1	2	4	3	6	1	5	1	1	3	2	5	6	3	2	2	2	1	6	1	2
SRR4784390	TB	1	1	4	2	5	3	1	1	3	3	2	3	2	4	1	2	4	3	6	1	5	1	1	3	2	5	6	3	2	2	2	1	6	1	2
SRR4784391	TB	1	3	1	1	5	3	1	1	3	3	2	5	2	4	1	2	4	3	6	2	8	1	1	3	1	5	3	3	2	2	2	1	4	3	4
SRR4784392	TB	1	3	1	1	5	3	1	1	3	3	2	5	2	4	1	2	4	3	6	2	8	1	1	3	1	5	3	3	2	2	2	1	4	3	4
SRR4784393	TB	1	3	1	1	5	4	1	1	1	1	5	6	4	6	2	3	1	4	2	6	4	2	2	4	4	1	4	8	1	1	3	2	1	2	5
SRR4784394	TB	1	3	1	1	5	4	1	1	1	3	5	6	4	6	2	3	1	4	2	6	4	2	2	4	4	1	4	8	1	1	3	2	1	2	5
SRR4784395	TB	1	3	1	1	6	4	5	1	1	1	5	6	4	6	2	3	1	4	5	6	4	2	2	4	4	1	4	8	1	1	3	2	1	2	5
SRR4784396	TB	1	3	1	1	6	4	5	1	1	1	5	6	4	6	2	3	1	4	5	6	4	2	2	4	4	1	4	8	1	1	3	2	1	2	5
SRR4784397	TB	1	3	1	1	6	4	5	1	1	1	5	3	2	4	2	3	1	4	2	6	4	2	2	4	4	1	4	8	1	1	3	1	1	2	6
SRR4784398	TB	1	3	1	1	6	4	5	1	1	1	5	3	2	4	2	3	1	4	2	6	4	2	2	4	4	1	4	8	1	1	3	1	1	2	6
SRR4784399	TB	2	2	2	5	2	6	2	2	2	4	1	4	5	2	1	1	3	5	1	7	3	1	3	2	5	3	2	7	2	2	4	5	2	6	3
SRR4784400	TB	2	2	2	5	2	6	2	2	2	4	1	4	5	2	1	1	3	5	1	7	3	1	3	2	5	3	2	7	2	2	4	5	2	6	3
SRR4784401	TB	2	2	2	5	2	6	2	2	2	4	1	4	5	2	1	1	3	5	4	7	3	1	3	2	5	3	2	7	2	2	4	5	2	6	3
SRR4784402	TB	2	2	2	5	2	6	2	2	2	4	1	4	5	2	1	1	3	5	4	7	3	1	3	2	5	3	2	7	2	2	4	5	2	6	3
SRR4784403	TB	2	2	2	5	2	6	2	2	2	4	1	4	5	2	1	1	2	5	1	7	3	1	3	2	5	3	2	7	2	2	4	5	2	6	3
SRR4784404	TB	2	2	2	5	2	6	2	2	2	4	1	4	5	2	1	1	2	5	1	7	3	1	3	2	5	3	2	7	2	2	4	5	2	6	3
SRR4784405	TB	2	2	2	5	2	6	2	2	2	4	1	4	5	2	1	1	3	5	4	7	3	1	3	2	5	3	2	7	2	2	4	5	2	6	3
SRR4784406	TB	2	2	2	4	2	2	2	2	2	4	1	4	5	2	1	1	3	5	4	7	3	1	3	2	5	3	2	7	2	2	4	5	2	6	3
SRR4784407	TB	1	1	4	2	5	3	8	1	3	1	5	1	3	7	1	2	3	1	4	7	3	1	3	2	5	3	2	7	2	2	4	4	2	6	3
SRR4784408	TB	1	1	4	2	5	3	8	1	3	1	5	1	3	7	1	2	3	1	4	7	3	1	3	2	5	3	2	7	2	2	4	4	2	6	3
SRR4784409	TB	1	1	4	2	5	3	8	1	3	3	2	5	2	4	1	2	4	1	6	2	8	1	1	3	1	2	3	3	2	2	2	3	3	1	4
SRR4784410	TB	1	1	4	2	5	3	8	1	3	3	2	5	2	4	1	2	4	1	6	2	8	1	1	3	1	2	3	3	2	2	2	3	3	1	4
SRR4784411	TB	1	1	4	2	5	3	1	1	3	1	5	1	2	4	1	2	1	1	4	7	3	1	3	2	5	3	2	1	1	1	4	4	2	6	3
SRR4784412	TB	1	1	4	2	5	3	1	1	3	1	5	1	2	4	1	2	1	1	4	7	3	1	3	2	5	3	2	1	1	1	4	4	2	6	3
SRR4784413	TB	1	1	4	2	5	3	8	1	3	1	5	1	3	7	1	2	3	1	4	7	3	1	3	2	5	3	2	7	2	2	4	4	2	6	3
SRR4784414	TB	1	1	4	2	5	3	8	1	3	1	5	1	3	7	1	2	3	1	4	7	3	1	3	2	5	3	2	7	2	2	4	4	2	6	3
SRR4784415	TB	1	1	4	2	5	3	8	1	1	1	3	6	6	6	1	3	1	4	2	6	7	2	2	1	3	6	7	5	1	3	3	2	4	5	6
SRR4784416	TB	1	1	4	2	5	3	8	1	1	1	3	6	6	6	1	3	1	4	2	6	7	2	2	1	3	6	7	5	1	3	3	2	4	5	6
SRR4784417	TB	1	1	4	2	5	3	8	1	1	1	3	6	6	6	1	3	1	4	2	6	7	2	2	1	3	6	7	5	2	3	2	1	4	5	6
SRR4784418	TB	1	1	4	2	5	3	8	1	1	1	3	6	6	6	1	3	1	4	2	6	7	2	2	1	3	6	7	5	2	3	2	1	4	5	6
SRR4784419	TB	1	1	4	2	5	3	8	1	1	1	3	6	6	6	2	3	1	4	2	6	7	2	2	4	3	6	7	8	1	1	3	1	1	5	6
SRR4784420	TB	1	1	4	2	5	3	8	1	1	1	3	6	6	6	2	3	1	4	2	6	7	2	2	4	3	6	7	8	1	1	3	1	1	5	6
SRR4784421	TB	1	1	4	2	5	3	8	1	1	1	3	6	6	6	2	3	1	4	2	6	7	2	2	1	3	6	4	5	1	3	3	2	1	5	6
SRR4784422	TB	1	1	4	2	5	3	8	1	1	1	3	6	6	6	2	3	1	4	2	6	7	2	2	1	3	6	4	5	1	3	3	2	1	5	6
SRR4784423	TB	1	3	1	1	6	4	5	1	3	1	5	1	3	7	1	2	3	1	4	7	3	1	3	2	5	3	2	1	2	1	4	4	2	6	3
SRR4784424	TB	1	3	1	1	6	4	5	1	3	1	5	1	3	7	1	2	3	1	4	7	3	1	3	2	5	3	2	1	2	1	4	4	2	6	3
SRR4784425	TB	1	3	1	1	6	4	5	1	3	1	5	1	3	7	1	2	3	1	4	7	3	1	3	2	5	3	2	7	2	1	4	4	2	6	3
SRR4784426	TB	1	3	1	1	6	4	5	1	3	1	5	1	3	7	1	2	3	1	4	7	3	1	3	2	5	3	2	7	2	1	4	4	2	6	3
SRR4784427	TB	1	3	1	1	6	4	5	1	3	1	5	1	3	7	1	2	3	1	4	7	3	1	3	2	5	3	2	1	2	1	4	4	2	6	3
SRR4784428	TB	1	3	1	1	6	4	5	1	3	1	5	1	3	7	1	2	3	1	4	7	3	1	3	2	5	3	2	1	2	1	4	4	2	6	3
SRR4784429	TB	1	3	1	1	6	4	5	1	3	1	5	1	3	7	1	2	3	1	4	7	3	1	3	2	5	3	2	7	2	1	4	4	2	6	3
SRR4784430	TB	1	3	1	1	6	4	5	1	3	1	5	1	3	7	1	2	3	1	4	7	3	1	3	2	5	3	2	7	2	1	4	4	2	6	3
SRR4784431	TB	1	1	4	2	5	3	8	1	1	1	3	6	4	6	2	3	1	4	2	4	7	2	1	1	3	6	7	5	2	3	2	1	4	5	6
SRR4784432	TB	1	1	4	2	5	3	8	1	1	1	3	6	4	6	1	3	1	4	2	4	7	2	1	1	3	6	7	5	2	3	2	1	4	5	6
SRR4784433	TB	1	1	4	2	5	3	8	1	1	1	3	6	2	6	1	3	1	4	2	6	7	2	1	1	3	6	6	5	2	3	2	1	4	5	6
SRR4784434	TB	1	1	4	2	5	3	8	1	1	1	3	6	4	6	1	3	1	4	2	6	7	2	1	1	3	6	6	5	2	3	2	1	4	5	6
SRR4784435	TB	1	1	4	2	5	3	8	1	3	1	2	6	2	4	1	3	1	4	2	6	7	2	2	1	2	1	4	5	1	3	3	2	1	5	6
SRR4784436	TB	1	1	4	2	5	3	8	1	3	1	2	6	2	4	1	3	1	4	2	6	7	2	2	1	2	1	4	5	1	3	3	2	1	5	6
SRR4784437	TB	1	1	4	2	5	3	8	1	1	1	3	6	2	6	2	3	1	4	2	6	7	2	2	1	3	6	4	5	1	3	3	2	1	5	6
SRR4784438	TB	1	1	4	2	5	3	8	1	1	1	3	6	2	6	2	3	1	4	2	6	7	2	2	1	3	6	4	5	1	3	3	2	1	5	6
SRR4784439	TB	1	3	1	1	5	3	1	1	1	1	3	6	4	6	2	3	1	4	5	6	7	2	2	4	4	1	7	8	1	2	3	2	1	2	5
SRR4784440	TB	1	3	1	1	5	3	1	1	1	1	3	6	4	6	2	3	1	4	5	6	7	2	2	4	4	1	7	8	1	2	3	2	1	2	5
SRR4784441	TB	1	1	4	2	5	3	1	1	1	1	3	6	4	6	2	3	1	4	2	6	7	2	2	4	4	1	7	8	1	2	3	2	1	5	6
SRR4784442	TB	1	1	4	2	5	3	1	1	1	1	3	6	4	6	2	3	1	4	2	6	7	2	2	4	4	1	7	8	1	2	3	2	1	5	6
SRR4784443	TB	1	3	1	1	5	3	1	1	1	1	3	6	4	6	2	3	1	4	5	6	4	2	2	4	4	1	4	8	1	2	3	2	5	2	5
SRR4784444	TB	1	3	1	1	5	3	1	1	1	1	3	6	4	6	2	3	1	4	5	6	4	2	2	4	4	1	4	8	1	2	3	2	5	2	5
SRR4784445	TB	1	3	1	1	5	3	5	1	1	1	3	6	4	6	2	3	1	4	5	6	4	2	2	4	4	1	4	8	1	2	3	2	1	2	5
SRR4784446	TB	1	3	1	1	5	3	1	1	1	1	3	6	4	6	2	3	1	4	5	6	4	2	2	4	4	1	4	8	1	2	3	2	1	2	5
SRR4784447	TB	2	2	2	3	2	5	2	2	2	4	1	4	5	2	1	2	4	5	1	7	3	1	1	2	1	2	2	7	2	2	2	3	3	3	4
SRR4784448	TB	2	2	2	3	2	5	2	2	2	4	1	4	5	2	1	2	4	5	1	7	3	1	1	2	1	2	2	7	2	2	2	3	3	3	4
SRR4784449	TB	2	2	2	3	2	5	2	2	2	4	1	4	1	5	1	2	4	3	1	2	2	1	1	3	1	2	5	3	2	2	2	3	3	3	4
SRR4784450	TB	2	2	2	3	2	5	2	2	2	4	1	4	1	5	1	2	4	3	1	2	2	1	1	3	1	2	5	3	2	2	2	3	3	3	4
SRR4784451	TB	2	2	2	3	2	5	2	2	2	4	4	2	1	8	1	2	4	3	3	2	2	1	1	3	1	2	5	2	2	2	2	3	4	3	4
SRR4784452	TB	2	2	2	3	2	5	2	2	2	4	4	2	1	8	1	2	4	3	3	2	2	1	1	3	1	2	5	2	2	2	2	3	4	3	4
SRR4784453	TB	2	2	2	3	2	5	2	2	2	4	1	2	1	5	1	2	4	3	1	2	2	1	1	3	1	2	5	2	1	2	2	3	4	3	4
SRR4784454	TB	2	2	2	3	2	5	2	2	2	4	1	2	1	5	1	2	4	3	1	2	2	1	1	3	1	2	5	2	1	2	2	3	4	3	4
SRR4784455	TB	1	3	1	1	1	7	4	1	3	3	5	1	3	3	1	3	3	1	4	4	8	1	3	2	5	3	2	1	2	2	4	4	1	7	8
SRR4784456	TB	1	3	1	1	1	7	4	1	3	3	5	1	3	3	1	3	3	1	4	4	8	1	3	2	5	3	2	1	2	2	4	4	1	7	8
SRR4784457	TB	1	3	1	1	1	7	4	1	3	3	5	1	3	1	1	3	1	1	6	4	8	1	1	2	3	6	7	3	1	2	2	1	1	5	6
SRR4784458	TB	1	3	1	1	1	7	4	1	3	3	5	1	3	1	1	3	1	1	6	4	8	1	1	2	3	6	7	3	1	2	2	1	1	5	6
SRR4784459	TB	1	3	1	1	1	7	4	1	3	3	5	1	3	1	1	3	1	1	2	4	8	1	3	4	3	6	7	8	1	1	4	2	1	5	6
SRR4784460	TB	1	3	1	1	1	7	4	1	3	3	5	1	3	1	1	3	1	1	2	4	8	1	3	4	3	6	7	8	1	1	4	2	1	5	6
SRR4784461	TB	2	2	2	5	2	6	6	2	2	2	4	3	1	5	1	1	2	5	3	3	2	1	1	1	2	4	5	2	1	3	2	5	1	4	7
SRR4784462	TB	2	2	2	5	2	6	6	2	2	2	4	3	1	5	1	1	2	5	3	3	2	1	1	1	2	4	5	2	1	3	2	5	1	4	7
SRR4784463	TB	2	2	2	3	2	5	6	2	2	2	4	3	1	5	1	1	2	5	3	3	2	1	1	1	1	2	3	3	2	3	4	5	3	4	4
SRR4784464	TB	2	2	2	3	2	5	6	2	2	2	4	3	1	5	1	1	2	5	3	3	2	1	1	1	1	2	3	3	2	3	4	5	3	3	4
SRR4784465	TB	2	2	3	3	2	5	6	2	2	2	4	2	7	8	2	1	2	2	5	3	4	2	2	4	4	1	4	8	1	1	3	2	5	2	5
SRR4784466	TB	2	2	3	3	2	5	6	2	2	2	4	2	7	8	2	1	2	2	5	3	4	2	2	4	4	1	4	8	1	1	3	2	5	2	5
SRR4784467	TB	2	2	2	3	2	5	6	2	2	2	4	3	1	5	1	1	2	5	3	3	2	1	2	1	2	4	5	2	1	3	3	5	1	4	7
SRR4784468	TB	2	2	2	3	2	5	6	2	2	2	4	3	1	5	1	1	2	5	3	3	2	1	2	1	2	4	5	2	1	3	3	5	1	4	7
SRR4784469	TB	1	3	1	1	6	4	5	1	3	3	5	1	3	7	2	2	4	1	6	7	8	1	1	2	5	3	3	7	2	2	2	4	2	3	4
SRR4784470	TB	1	3	1	1	6	4	5	1	3	3	5	1	3	7	2	2	4	1	6	7	8	1	1	2	5	3	3	7	2	2	2	4	2	3	4
SRR4784471	TB	1	3	1	1	1	1	7	1	3	3	5	1	3	4	1	2	4	3	6	2	8	1	1	3	1	2	3	3	2	2	2	3	4	5	4
SRR4784472	TB	1	3	1	1	1	1	7	1	3	3	5	1	3	4	1	2	4	3	6	2	8	1	1	3	1	2	3	3	2	2	2	3	4	5	4
SRR4784473	TB	1	3	4	2	1	1	7	1	3	3	2	3	2	4	1	2	4	3	6	1	5	1	1	3	2	5	6	6	2	2	2	1	4	1	2
SRR4784474	TB	1	3	4	2	1	1	7	1	3	3	2	3	2	4	1	2	4	3	6	1	5	1	1	3	2	5	6	6	2	2	2	1	4	1	2
SRR4784475	TB	1	3	1	1	6	4	5	1	3	3	5	1	3	4	2	2	4	1	6	1	5	1	1	3	5	5	3	6	2	2	2	1	4	5	4
SRR4784476	TB	1	3	1	1	6	4	5	1	3	3	5	1	3	4	2	2	4	1	6	1	5	1	1	3	5	5	3	6	2	2	2	1	4	5	4
SRR4784477	TB	1	1	4	2	3	1	8	1	3	3	2	5	2	4	1	2	1	1	6	1	5	1	1	3	2	5	6	6	2	2	2	1	1	1	2
SRR4784478	TB	1	1	4	2	1	1	8	1	3	3	2	5	2	4	1	2	1	1	6	1	5	1	1	3	2	5	6	6	2	2	2	1	1	1	2
SRR4784479	TB	1	1	4	2	3	1	8	1	3	3	2	1	2	4	1	2	1	1	6	1	5	1	1	2	2	5	6	6	2	2	2	1	1	1	2
SRR4784480	TB	1	1	4	2	3	1	8	1	3	3	2	1	2	4	1	2	1	1	6	1	5	1	1	2	2	5	6	6	2	2	2	1	1	1	2
SRR4784481	TB	1	1	4	2	3	1	7	1	1	2	3	6	6	1	2	3	1	4	2	6	7	2	2	1	4	1	4	5	1	3	3	2	1	5	6
SRR4784482	TB	1	1	4	2	3	1	7	1	1	2	3	6	6	1	2	3	1	4	2	6	7	2	2	1	4	1	4	5	1	3	3	2	1	5	6
SRR4784483	TB	1	1	4	2	3	1	8	1	3	3	2	5	2	4	1	2	1	1	6	1	5	1	1	2	2	5	6	6	2	2	2	1	1	1	2
SRR4784484	TB	1	1	4	2	3	1	8	1	3	3	2	5	2	4	1	2	1	1	6	1	5	1	1	2	2	5	6	6	2	2	2	1	1	1	2
SRR4784485	Healthy	1	1	4	2	5	1	1	1	1	1	5	1	4	6	2	3	1	4	5	4	4	2	2	4	4	1	4	8	1	1	3	2	5	2	5
SRR4784486	Healthy	1	1	4	2	5	1	1	1	1	1	5	1	4	6	2	3	1	4	5	4	4	2	2	4	4	1	4	8	1	1	3	2	5	2	5
SRR4784487	TB	2	2	2	3	2	5	3	2	2	4	4	4	1	5	1	1	2	5	3	3	2	1	3	2	2	4	1	2	2	2	4	5	2	4	3
SRR4784488	TB	2	2	2	3	2	5	3	2	2	4	4	4	1	5	1	1	2	5	3	3	2	1	3	2	2	4	1	2	2	2	4	5	2	4	3
SRR4784489	TB	2	2	3	4	2	2	3	2	2	4	4	4	1	5	1	1	2	5	3	3	2	1	3	2	2	4	5	2	2	2	4	5	2	4	7
SRR4784490	TB	2	2	2	3	2	5	2	2	2	4	4	4	1	5	1	1	2	5	3	3	2	1	3	2	2	4	5	2	2	2	4	5	2	4	7
SRR4784491	TB	2	2	3	4	2	2	3	2	2	4	4	4	1	5	1	1	2	5	3	5	2	1	3	2	2	4	1	2	2	2	4	5	6	4	3
SRR4784492	TB	2	2	3	4	2	2	3	2	2	4	4	4	1	5	1	1	2	5	3	5	2	1	3	2	2	4	1	2	2	2	4	5	6	4	3
SRR4784493	TB	2	2	2	3	2	5	3	2	2	4	4	4	1	5	1	1	2	5	3	3	2	1	3	2	2	4	1	2	2	2	4	5	6	4	3
SRR4784494	TB	2	2	3	3	2	5	3	2	2	4	4	4	1	5	1	1	2	5	3	3	2	1	3	2	2	4	1	2	2	2	4	5	6	4	7
SRR4784495	TB	2	2	3	4	2	2	6	2	2	4	4	2	7	8	2	1	2	2	3	3	6	2	2	1	2	4	5	2	1	3	2	5	3	4	7
SRR4784496	TB	2	2	3	4	2	2	6	2	2	4	4	2	7	8	2	1	2	2	3	3	6	1	2	1	2	4	5	2	1	3	2	5	3	4	7
SRR4784497	TB	2	2	3	4	2	2	6	2	2	4	4	2	7	8	2	1	2	2	3	3	6	2	2	1	2	4	5	2	1	3	3	5	3	4	7
SRR4784498	TB	2	2	3	4	2	2	6	2	2	4	4	2	7	8	2	1	2	2	3	3	6	2	2	1	2	4	5	2	1	3	3	5	3	4	7
SRR4784499	TB	2	2	3	4	2	2	6	2	2	4	4	3	1	5	2	1	2	2	3	3	6	1	1	3	2	4	5	2	2	2	2	5	3	4	7
SRR4784500	TB	2	2	3	4	2	2	6	2	2	4	4	3	1	5	2	1	2	2	3	3	6	1	1	3	2	4	5	2	2	2	2	5	3	4	7
SRR4784501	TB	2	2	3	4	2	2	6	2	2	4	4	2	7	8	2	1	2	2	3	3	6	2	2	1	2	4	5	2	1	3	2	5	3	4	7
SRR4784502	TB	2	2	3	4	2	2	6	2	2	4	4	2	7	8	2	1	2	2	3	3	6	2	2	1	2	4	5	2	1	3	2	5	3	4	7
SRR4784503	TB	2	2	2	4	2	2	2	2	2	4	1	4	5	2	2	1	2	5	3	3	2	1	3	2	5	4	5	2	2	2	4	5	2	4	7
SRR4784504	TB	2	2	2	4	2	2	2	2	2	4	1	4	5	2	2	1	2	5	3	3	2	1	3	2	5	4	5	2	2	2	4	5	2	4	7
SRR4784505	TB	2	2	3	4	2	2	2	2	2	4	1	4	5	2	1	1	2	5	3	3	2	1	1	3	1	5	3	3	2	2	2	5	3	3	4
SRR4784506	TB	2	2	3	4	2	2	2	2	2	4	1	4	5	2	1	1	2	5	3	3	2	1	1	3	1	5	3	3	2	2	2	5	3	3	4
SRR4784507	TB	2	2	3	4	2	2	2	2	2	4	1	4	5	2	2	1	2	5	3	5	6	1	3	2	2	4	5	2	2	2	4	5	5	4	7
SRR4784508	TB	2	2	2	4	2	2	2	2	2	4	1	4	5	2	2	1	2	5	3	5	6	1	3	2	2	4	1	2	2	2	4	5	5	4	7
SRR4784509	TB	1	3	1	1	5	3	1	1	1	1	3	6	4	6	2	3	1	4	2	4	7	1	3	4	3	6	4	1	1	1	3	2	1	5	6
SRR4784510	TB	1	3	1	1	5	3	1	1	1	1	3	6	4	6	2	3	1	4	2	4	7	2	3	4	3	6	4	1	1	1	3	2	1	5	6
SRR4784511	TB	1	3	1	1	5	3	1	1	1	1	3	6	4	6	2	3	1	4	2	4	1	2	2	4	3	6	7	1	1	1	4	2	1	7	8
SRR4784512	TB	1	1	4	2	5	3	1	1	1	1	3	6	4	6	2	3	1	4	2	4	1	2	2	4	3	6	7	1	1	1	4	2	1	7	8
SRR4784513	TB	1	1	4	2	5	3	1	1	1	1	3	6	6	1	2	3	1	4	2	6	7	2	2	1	3	6	7	5	1	3	3	2	1	5	6
SRR4784514	TB	1	3	1	1	5	3	1	1	1	1	3	6	6	1	2	3	1	4	2	6	7	2	2	1	3	6	7	5	1	3	3	2	1	5	6
SRR4784515	TB	1	3	1	1	5	3	1	1	1	1	3	6	4	6	2	3	1	4	2	4	7	2	2	4	3	6	4	8	1	1	3	2	1	5	6
SRR4784516	TB	1	3	1	1	5	3	1	1	1	1	3	6	4	6	2	3	1	4	2	4	7	2	2	4	3	6	4	8	1	1	3	2	1	5	6
SRR4784517	TB	2	2	2	4	2	2	2	2	2	4	1	4	5	2	1	1	3	5	4	7	3	1	3	2	5	3	2	7	2	1	4	4	2	6	3
SRR4784518	TB	2	2	2	4	2	2	2	2	2	4	1	4	5	2	1	1	3	5	4	7	3	1	3	2	5	3	2	7	2	1	4	4	2	6	3
SRR4784519	TB	2	2	2	5	2	6	2	2	2	4	1	4	1	2	1	1	3	5	1	3	2	1	1	2	1	2	3	3	2	1	4	5	3	3	4
SRR4784520	TB	2	2	2	4	2	2	2	2	2	4	1	4	1	2	1	1	3	5	1	3	2	1	1	2	1	2	3	3	2	1	4	5	3	3	4
SRR4784521	TB	2	2	2	4	2	2	2	2	2	4	1	2	5	2	2	1	2	2	3	3	2	2	2	4	4	4	1	2	2	1	4	5	6	7	7
SRR4784522	TB	2	2	2	5	2	6	2	2	2	4	1	2	5	2	2	1	2	2	3	3	2	2	2	4	4	4	1	2	2	1	4	5	6	7	7
SRR4784523	TB	2	2	2	4	2	2	2	2	2	4	1	4	5	2	1	1	3	5	4	7	3	1	3	2	5	3	2	7	2	1	4	4	2	6	3
SRR4784524	TB	2	2	2	4	2	2	2	2	2	4	1	4	5	2	1	1	3	5	4	7	3	1	3	2	5	3	2	7	2	1	4	4	2	6	3
SRR4784525	TB	2	2	3	4	2	2	2	2	2	4	1	2	7	8	2	1	2	2	5	5	6	2	2	4	4	4	4	4	1	1	3	5	5	4	1
SRR4784526	TB	2	2	3	4	2	2	2	2	2	4	1	2	7	8	2	1	2	2	5	5	6	2	2	4	4	4	4	4	1	1	3	5	5	4	1
SRR4784527	TB	2	2	3	4	2	2	2	2	2	4	1	2	7	8	1	1	2	2	3	3	6	2	2	4	4	4	1	2	1	1	3	5	5	4	7
SRR4784528	TB	2	2	3	4	2	2	2	2	2	4	1	2	7	8	1	1	2	2	3	3	6	2	2	4	4	4	1	2	1	1	3	5	5	4	7
SRR4784529	TB	2	2	2	3	2	5	2	2	2	4	1	2	7	2	2	1	2	2	5	5	6	2	2	4	4	4	2	4	1	1	3	5	5	4	1
SRR4784530	TB	2	2	2	3	2	5	2	2	2	4	1	2	7	8	2	1	2	2	5	5	6	2	2	4	4	4	2	4	1	1	3	5	5	4	1
SRR4784531	TB	2	2	3	4	2	2	2	2	2	4	1	2	7	8	2	1	2	2	5	5	6	2	2	4	4	4	5	4	1	1	3	5	3	4	1
SRR4784532	TB	2	2	3	4	2	2	6	2	2	4	1	2	7	8	2	1	2	2	5	5	6	2	2	4	4	4	5	4	1	1	3	5	3	4	1
SRR4784533	TB	1	3	1	1	5	3	1	1	1	1	2	6	2	4	1	3	1	1	6	1	5	2	3	2	5	5	6	6	1	1	3	4	1	5	6
SRR4784534	TB	1	3	1	1	5	3	1	1	1	1	2	6	2	4	1	3	1	1	6	1	5	2	3	2	5	5	6	6	1	1	3	4	1	5	6
SRR4784535	TB	1	3	1	1	5	3	1	1	1	1	3	6	4	6	1	3	1	1	2	4	1	2	2	1	3	6	7	6	1	3	3	1	4	7	6
SRR4784536	TB	1	3	1	1	5	3	1	1	1	1	3	6	4	6	1	3	1	1	2	4	1	2	2	1	3	6	7	6	1	3	3	1	4	7	8
SRR4784537	TB	1	3	1	1	5	3	1	1	1	1	3	6	4	6	2	3	1	4	2	4	1	2	2	4	3	6	7	1	1	1	3	2	1	7	8
SRR4784538	TB	1	3	1	1	5	3	1	1	1	1	3	6	4	6	2	3	1	4	2	4	1	2	2	4	3	6	7	1	1	1	3	2	1	7	8
SRR4784539	TB	1	3	1	1	6	3	1	1	1	1	3	6	4	6	2	3	1	1	2	4	1	2	2	2	3	6	7	1	1	3	3	2	1	5	6
SRR4784540	TB	1	3	1	1	6	3	1	1	1	1	3	6	4	6	2	3	1	1	2	4	1	2	2	2	3	6	7	1	1	1	3	2	1	5	6
SRR4784541	Healthy	1	1	4	2	5	1	1	1	1	2	3	6	4	6	2	3	1	4	5	6	4	2	2	4	4	1	4	8	1	1	3	2	5	2	5
SRR4784542	Healthy	1	1	4	2	5	1	1	1	1	2	3	6	4	6	2	3	1	4	5	6	4	2	2	4	4	1	4	8	1	1	3	2	5	2	5
SRR4784543	Healthy	1	1	4	2	5	1	1	1	1	2	3	6	4	6	2	3	1	4	5	6	4	2	2	4	4	1	4	8	1	1	3	2	5	2	5
SRR4784544	Healthy	1	1	4	2	5	1	1	1	1	2	3	6	4	6	2	3	1	4	5	6	4	2	2	4	4	1	4	8	1	1	3	2	5	2	5
SRR4784545	Healthy	2	2	3	3	2	5	2	2	2	4	4	2	1	5	1	2	4	3	3	3	2	1	1	1	1	2	6	6	2	3	2	3	4	3	2
SRR4784546	Healthy	2	2	2	3	2	5	2	2	2	4	4	2	1	5	1	2	4	3	3	3	2	1	1	1	1	2	6	6	2	3	2	3	4	3	2
SRR4784547	Healthy	2	2	2	3	2	5	2	2	2	4	4	2	1	5	1	2	4	3	3	3	2	1	1	1	1	2	6	6	2	3	2	3	4	3	2
SRR4784548	Healthy	2	2	2	3	2	5	2	2	2	4	4	2	1	5	1	2	4	3	3	3	2	1	1	1	1	2	6	6	2	3	2	3	4	3	2
SRR4784549	TB	2	2	3	4	2	2	6	2	2	4	4	3	1	5	2	1	2	3	3	1	2	1	3	1	2	4	5	2	2	3	2	5	3	4	7
SRR4784550	TB	2	2	3	4	2	2	6	2	2	4	4	3	1	5	2	1	2	3	3	1	2	1	3	1	2	4	5	2	2	3	2	5	3	4	7
SRR4784551	TB	2	2	3	4	2	2	6	2	2	4	4	2	1	5	2	1	2	3	3	3	2	1	1	1	2	2	5	5	2	3	2	5	3	3	7
SRR4784552	TB	2	2	3	4	2	2	6	2	2	4	4	2	1	5	2	1	2	3	3	3	2	1	1	1	2	2	5	5	2	3	2	5	3	3	7
SRR4784553	TB	2	2	3	4	2	2	6	2	2	2	4	2	7	8	2	1	2	2	3	3	6	1	3	4	2	4	5	2	2	3	2	5	3	4	7
SRR4784554	TB	2	2	3	3	2	5	6	2	2	2	4	2	7	8	2	1	2	2	3	3	6	1	3	4	2	4	5	2	2	3	2	5	3	4	7
SRR4784555	TB	2	2	3	4	2	2	6	2	2	2	4	2	7	8	2	1	2	2	3	3	6	1	3	1	2	4	5	2	2	3	2	5	3	4	7
SRR4784556	TB	2	2	3	4	2	2	6	2	2	2	4	2	7	8	2	1	2	2	3	3	6	1	3	1	2	4	5	2	2	3	2	5	3	4	7
SRR4784557	TB	2	2	2	4	2	2	2	2	2	4	1	4	5	2	1	1	3	5	3	7	3	1	3	2	5	4	2	7	1	2	4	4	2	6	3
SRR4784558	TB	2	2	2	4	2	2	2	2	2	4	1	4	5	2	1	1	3	5	3	7	3	1	3	2	5	4	2	7	1	2	4	4	2	6	3
SRR4784559	TB	2	2	2	3	2	5	2	2	2	4	4	4	1	5	1	1	3	5	1	3	2	1	1	3	1	2	5	3	2	2	4	3	3	3	4
SRR4784560	TB	2	2	2	3	2	5	2	2	2	4	4	4	1	5	1	1	3	5	1	3	2	1	1	3	1	2	5	3	2	2	4	3	3	3	4
SRR4784561	TB	2	2	2	3	2	5	2	2	2	4	4	4	7	8	1	1	4	3	3	3	2	1	1	3	2	4	5	2	2	2	2	3	3	4	7
SRR4784562	TB	2	2	3	4	2	2	2	2	2	4	4	2	7	8	1	1	4	3	3	3	2	1	1	3	2	4	5	2	2	2	2	3	3	4	7
SRR4784563	TB	2	2	2	4	2	2	2	2	2	4	4	4	1	5	1	1	3	5	1	3	2	1	1	2	1	4	5	2	1	2	4	5	3	4	7
SRR4784564	TB	2	2	2	4	2	2	2	2	2	4	1	4	5	2	1	1	3	5	1	3	2	1	1	2	1	4	5	2	1	2	4	5	3	4	7
SRR4784565	TB	2	2	2	5	2	6	3	2	2	4	1	4	5	2	2	1	2	5	3	3	6	2	2	4	2	4	5	2	1	2	3	5	1	4	7
SRR4784566	TB	2	2	2	4	2	2	3	2	2	4	1	4	5	2	2	1	2	5	3	3	6	2	2	4	2	4	5	2	1	2	3	5	1	4	7
SRR4784567	TB	2	2	2	4	2	2	3	2	2	4	1	4	5	2	2	1	2	5	3	3	6	2	2	4	2	4	5	2	1	2	3	5	1	4	7
SRR4784568	TB	2	2	2	4	2	2	3	2	2	4	1	4	5	2	2	1	2	5	3	3	6	2	2	4	2	4	5	2	1	2	3	5	1	4	7
SRR4784570	TB	2	2	2	4	2	2	3	2	2	4	1	4	5	2	2	1	2	2	3	3	6	2	2	4	2	4	5	2	1	2	3	5	1	4	7
SRR4784571	TB	2	2	2	4	2	2	3	2	2	4	1	4	5	2	2	1	2	2	3	3	6	2	2	4	2	4	5	2	1	2	3	5	1	4	7
SRR4784572	TB	2	2	2	4	2	2	3	2	2	4	1	4	5	2	2	1	2	2	3	3	6	2	2	4	2	4	5	2	1	2	3	5	1	4	7
SRR4784573	TB	1	1	4	2	5	3	1	1	1	1	3	1	4	7	2	3	1	1	2	4	1	1	3	2	5	3	2	1	1	1	4	4	4	3	8
SRR4784574	TB	1	1	4	2	5	3	1	1	1	1	3	1	4	7	2	3	1	1	2	4	1	1	3	2	5	3	2	1	2	1	4	4	4	3	8
SRR4784575	TB	1	1	4	2	5	3	8	1	1	1	3	1	4	6	1	3	1	1	6	2	8	1	1	3	3	6	7	6	2	2	2	3	4	3	6
SRR4784576	TB	1	1	4	2	5	3	8	1	1	1	3	1	4	6	1	3	1	1	6	2	8	1	1	3	3	6	7	6	2	2	2	3	4	5	6
SRR4784577	TB	1	1	4	2	5	3	1	1	1	1	3	6	4	6	2	3	1	4	2	4	1	2	2	4	3	6	7	8	1	1	3	2	1	5	6
SRR4784578	TB	1	1	4	2	5	3	1	1	3	1	3	1	4	6	2	3	1	4	2	4	1	2	2	4	3	6	7	8	1	1	3	2	1	5	6
SRR4784579	TB	1	3	1	1	5	3	1	1	3	1	3	1	4	6	2	3	1	1	2	4	1	2	3	4	3	6	7	1	1	1	4	4	1	7	8
SRR4784580	TB	1	1	4	2	5	3	1	1	3	1	3	1	4	6	2	3	1	1	2	4	1	2	3	4	3	6	7	1	1	1	4	4	1	7	8
SRR4784581	TB	1	1	4	2	3	1	7	1	3	1	5	1	3	7	1	3	3	1	4	7	3	1	3	2	5	3	2	7	2	2	4	4	2	3	3
SRR4784582	TB	1	1	4	2	3	1	7	1	3	1	5	1	3	7	1	3	3	1	4	7	3	1	3	2	5	3	2	7	2	2	4	4	2	3	3
SRR4784583	TB	1	1	4	2	3	1	7	1	3	1	2	1	3	7	1	3	3	1	1	7	8	1	1	2	1	2	2	7	2	2	4	3	3	3	3
SRR4784584	TB	1	1	4	2	3	1	7	1	3	1	2	1	3	7	1	3	3	1	1	7	8	1	1	2	1	2	2	7	2	2	4	3	3	3	3
SRR4784585	TB	1	1	4	2	3	1	7	1	3	1	3	1	6	1	2	3	1	1	2	4	8	1	1	2	3	6	7	3	2	2	4	1	3	5	6
SRR4784586	TB	1	1	4	2	3	1	7	1	3	1	3	1	4	1	2	3	1	1	2	4	8	1	1	2	3	6	7	3	2	2	4	1	3	5	6
SRR4784587	TB	1	1	4	2	3	1	7	1	3	1	5	1	3	7	1	3	3	1	4	4	1	1	3	2	5	3	2	1	2	2	1	4	1	5	6
SRR4784588	TB	1	1	4	2	3	1	7	1	3	1	5	1	3	7	1	3	3	1	4	4	1	1	3	2	5	3	2	1	2	2	1	4	1	5	6
SRR4784601	TB	1	1	4	2	5	3	8	1	1	1	3	6	4	6	1	3	1	1	2	4	1	1	1	2	3	6	7	1	1	2	4	4	2	6	8
SRR4784602	TB	1	1	4	2	5	3	8	1	1	1	3	6	4	6	1	3	1	1	2	4	1	1	1	2	3	6	7	1	1	2	4	4	2	6	8
SRR4784603	TB	1	1	4	2	5	3	8	1	1	1	3	6	4	6	1	3	1	1	6	2	5	1	1	3	3	6	7	6	2	2	2	1	4	1	2
SRR4784604	TB	1	1	4	2	5	3	8	1	1	1	3	6	4	6	1	3	1	1	6	2	5	1	1	3	3	6	7	6	2	2	2	1	4	1	2
SRR4784605	TB	1	1	4	2	5	3	8	1	1	1	3	6	4	6	2	3	1	1	5	4	1	2	3	2	5	3	2	4	1	1	4	4	5	6	1
SRR4784606	TB	1	1	4	2	5	3	8	1	1	1	3	6	4	6	2	3	1	1	5	4	1	2	3	2	5	3	2	4	1	1	4	4	5	6	1
SRR4784607	TB	1	1	4	2	5	3	8	1	1	1	3	6	4	7	1	3	1	1	4	4	1	1	3	2	5	3	2	1	1	1	4	4	2	6	3
SRR4784608	TB	1	1	4	2	5	3	8	1	1	1	3	6	4	7	1	3	1	1	4	4	1	1	3	2	5	3	2	1	1	1	4	4	2	6	3
SRR4784609	TB	2	2	3	4	2	2	3	2	2	4	4	4	1	5	1	1	2	5	1	7	2	1	1	2	5	3	5	7	2	2	2	5	3	4	7
SRR4784610	TB	2	2	3	4	2	2	3	2	2	4	4	4	1	5	1	1	2	5	1	7	2	1	1	2	5	3	5	7	2	2	2	5	3	4	7
SRR4784611	TB	2	2	3	4	2	2	3	2	2	4	4	4	1	5	1	2	2	5	1	3	2	1	1	3	1	5	5	3	2	2	2	5	3	3	7
SRR4784612	TB	2	2	3	4	2	2	6	2	2	4	4	4	1	5	1	2	2	5	1	3	2	1	1	3	1	5	5	3	2	2	2	5	3	3	7
SRR4784613	TB	2	2	3	4	2	2	3	2	2	4	4	4	1	5	1	1	2	5	3	3	2	1	2	2	2	4	5	2	2	2	2	5	3	4	7
SRR4784614	TB	2	2	3	4	2	2	3	2	2	4	4	4	1	5	1	1	2	5	3	3	2	1	2	2	2	4	5	2	2	2	2	5	3	4	7
SRR4784615	TB	2	2	2	4	2	2	3	2	2	4	4	4	1	5	1	1	2	5	3	3	2	1	1	2	2	4	5	2	2	2	2	5	3	4	7
SRR4784616	TB	2	2	3	4	2	2	3	2	2	4	4	4	1	5	2	1	2	5	3	3	2	1	1	2	2	4	5	2	2	2	2	5	3	4	7
SRR4784617	TB	1	3	1	1	1	7	4	1	3	3	5	5	2	3	1	3	4	1	6	2	8	1	3	2	1	5	6	6	2	1	4	4	3	3	2
SRR4784618	TB	1	3	1	1	1	7	4	1	3	3	5	5	2	3	1	3	4	1	6	2	8	1	3	2	1	5	6	6	2	1	4	4	3	3	2
SRR4784619	TB	1	3	1	1	1	7	4	1	3	3	5	5	2	4	1	3	4	1	6	2	8	1	1	3	1	5	3	6	2	2	4	3	3	3	4
SRR4784620	TB	1	3	1	1	1	7	4	1	3	3	5	5	2	4	1	3	4	1	6	2	8	1	1	3	1	5	3	6	2	2	4	3	3	3	4
SRR4784621	TB	1	3	1	1	1	7	4	1	3	3	5	5	6	1	1	3	1	4	2	6	5	1	1	3	3	6	7	6	2	1	4	1	6	7	8
SRR4784622	TB	1	3	1	1	1	7	4	1	3	3	5	5	6	1	1	3	1	4	2	6	5	1	1	3	3	6	7	6	2	1	4	1	6	7	8
SRR4784623	TB	1	3	1	1	1	7	4	1	3	3	5	5	2	3	1	3	4	1	6	2	8	1	3	3	1	5	3	6	2	1	4	3	3	1	2
SRR4784624	TB	1	3	1	1	1	7	4	1	3	3	5	5	2	3	1	3	4	1	6	2	8	1	3	3	1	5	3	6	2	1	4	3	3	1	2
SRR4784625	TB	1	1	4	2	5	3	1	1	1	1	3	6	3	7	2	3	1	1	2	4	1	2	3	2	5	6	1	1	1	2	4	4	6	7	8
SRR4784626	TB	1	1	4	2	5	3	1	1	1	1	3	6	3	7	2	3	1	1	2	4	1	2	3	2	5	6	1	1	1	2	4	4	6	7	8
SRR4784627	TB	1	3	1	1	5	3	1	1	1	1	3	5	3	1	1	3	1	1	6	2	8	1	1	3	3	2	3	3	2	2	2	3	4	3	4
SRR4784628	TB	1	1	4	2	5	3	1	1	1	1	3	5	3	1	1	3	1	1	6	2	8	1	1	3	3	2	3	3	2	2	2	3	4	3	4
SRR4784629	TB	1	1	4	2	5	3	1	1	3	1	5	6	6	1	2	3	1	4	2	6	4	2	2	4	4	1	4	8	1	1	3	2	5	2	5
SRR4784630	TB	1	1	4	2	5	3	1	1	1	1	5	6	6	1	2	3	1	4	2	6	4	2	2	4	4	1	4	8	1	1	3	2	5	2	5
SRR4784631	TB	1	3	1	1	5	3	5	1	3	1	5	1	3	7	2	3	3	1	4	7	3	2	3	2	5	3	2	7	1	1	4	4	2	6	3
SRR4784632	TB	1	3	1	1	5	3	5	1	3	1	5	1	3	7	2	3	3	1	4	7	3	2	3	2	5	3	2	7	1	1	4	4	2	6	3
SRR4784633	TB	1	3	1	1	1	7	4	1	3	3	2	5	2	3	1	3	4	4	6	2	8	1	1	3	1	5	6	6	2	2	2	1	3	1	2
SRR4784634	TB	1	3	1	1	1	7	4	1	3	3	2	5	2	3	1	3	4	4	6	2	8	1	1	3	1	5	6	6	2	2	2	1	3	1	2
SRR4784636	TB	1	3	1	1	1	7	4	1	3	3	2	5	2	4	1	2	4	3	6	1	5	1	1	3	1	5	6	6	2	2	2	3	3	1	2
SRR4784637	TB	1	3	1	1	1	1	1	1	3	3	5	1	6	1	2	3	1	4	5	6	4	2	2	4	4	1	4	8	1	1	3	2	5	2	5
SRR4784638	TB	1	3	1	1	1	7	4	1	3	3	5	1	6	1	2	3	1	4	5	6	4	2	2	4	4	1	4	8	1	1	3	2	5	2	5
SRR4784639	TB	1	3	1	1	1	7	4	1	3	3	2	1	2	4	1	2	4	3	6	1	5	1	1	3	1	5	6	6	1	1	3	2	5	1	2
SRR4784640	TB	1	3	1	1	1	7	4	1	3	3	2	5	2	4	1	2	4	3	6	1	5	1	1	3	1	5	6	6	1	1	3	2	5	1	2
SRR4784705	Healthy	2	2	2	3	2	5	3	2	2	4	4	2	7	8	2	1	2	2	3	3	6	2	2	4	2	4	5	2	1	3	3	5	1	4	7
SRR4784706	Healthy	2	2	2	3	2	5	3	2	2	2	4	2	7	8	2	1	2	2	3	3	6	2	2	4	2	4	5	2	1	3	3	5	1	4	7
SRR4784707	Healthy	2	2	2	3	2	5	3	2	2	2	4	2	7	8	2	1	2	2	3	3	6	2	2	4	2	4	5	2	1	3	3	5	1	4	7
SRR4784708	Healthy	2	2	2	3	2	5	3	2	2	2	4	2	7	8	2	1	2	2	3	3	6	2	2	4	2	4	5	2	1	3	3	5	1	4	7
SRR4784709	Healthy	1	1	4	2	5	1	1	1	1	2	3	6	4	6	2	3	1	4	2	6	4	2	2	4	2	6	1	8	1	1	1	1	6	7	5
SRR4784710	Healthy	1	1	4	2	5	3	1	1	1	2	3	6	4	6	2	3	1	4	2	6	4	2	2	4	2	6	1	8	1	1	1	1	6	7	5
SRR4784711	Healthy	1	1	4	2	5	1	1	1	1	2	3	6	4	6	2	3	1	4	2	6	4	2	2	4	2	6	1	8	1	1	1	1	6	7	5
SRR4784712	Healthy	1	1	4	2	5	1	1	1	1	2	3	6	4	6	2	3	1	4	2	6	4	2	2	4	2	6	1	8	1	1	1	1	6	7	5
SRR4784713	Healthy	2	2	2	3	2	5	2	2	2	2	4	2	7	8	1	1	2	2	3	3	6	1	2	4	4	4	5	2	1	1	3	5	6	4	7
SRR4784714	Healthy	2	2	2	3	2	5	2	2	2	2	4	2	7	8	1	1	2	2	3	3	6	2	2	4	4	4	5	2	1	1	3	5	6	4	7
SRR4784719	TB	2	2	2	3	2	5	3	2	2	4	4	4	1	5	1	2	4	3	1	2	2	1	1	3	1	2	3	3	2	2	2	3	3	3	4
SRR4784720	TB	2	2	2	3	2	5	3	2	2	4	4	4	1	5	1	2	4	3	1	2	2	1	1	3	1	2	3	3	2	2	2	3	3	3	4
SRR4784721	TB	2	2	2	3	2	5	3	2	2	4	4	4	1	5	1	2	4	3	1	2	2	1	1	3	1	2	3	3	2	2	2	3	3	3	4
SRR4784722	TB	2	2	2	3	2	5	3	2	2	4	4	4	1	5	1	2	4	3	1	2	2	1	1	3	1	2	3	3	2	2	2	3	3	3	4
SRR4784723	TB	2	2	2	3	2	5	3	2	2	4	4	4	1	5	1	2	4	3	1	2	2	1	1	3	1	2	3	3	2	2	2	3	3	3	4
SRR4784724	TB	2	2	2	3	2	5	3	2	2	4	4	4	1	5	1	2	4	3	1	2	2	1	1	3	1	2	3	3	2	2	2	3	3	3	4
SRR4784725	TB	2	2	2	3	2	5	6	2	2	4	4	4	1	5	1	2	4	5	1	2	2	1	1	3	1	5	5	2	2	2	2	4	6	1	4
SRR4784726	TB	2	2	2	3	2	5	3	2	2	4	4	4	1	5	1	2	4	5	1	2	2	1	1	3	1	5	5	2	2	2	2	4	6	1	4
SRR4784727	TB	2	2	2	5	2	6	2	2	2	4	4	2	7	8	2	1	2	2	5	5	6	2	2	4	4	1	4	4	1	1	3	2	5	2	5
SRR4784728	TB	2	2	2	5	2	6	2	2	2	4	4	2	7	8	2	1	2	2	5	5	6	2	2	4	4	1	4	4	1	1	3	2	5	2	5
SRR4784733	Healthy	2	2	2	4	2	2	6	2	2	4	1	4	5	2	2	1	2	5	4	5	6	1	3	4	4	4	5	4	1	1	4	5	5	4	1
SRR4784734	Healthy	2	2	3	3	2	5	3	2	2	4	4	4	5	2	2	1	2	5	4	5	6	1	3	4	4	4	5	4	1	1	4	5	5	4	1
SRR4784735	Healthy	2	2	3	3	2	5	6	2	2	4	4	2	7	8	2	1	2	2	4	5	6	1	3	4	4	4	5	4	1	1	4	5	1	4	1
SRR4784736	Healthy	2	2	2	3	2	5	3	2	2	4	4	2	7	8	2	1	2	2	4	5	6	1	3	4	4	4	5	4	1	1	4	5	1	4	1
SRR4784737	Healthy	2	2	3	4	2	2	6	2	2	4	1	4	5	2	2	1	2	5	4	5	6	1	3	4	4	4	5	2	2	1	4	5	1	4	7
SRR4784738	Healthy	2	2	3	4	2	2	3	2	2	4	1	4	5	2	2	1	2	5	4	5	6	1	3	4	4	4	5	2	2	1	4	5	1	4	7
SRR4784739	Healthy	2	2	3	4	2	2	3	2	2	4	1	4	5	2	2	1	2	5	4	5	6	1	3	4	4	4	5	4	1	1	4	5	5	4	7
SRR4784740	Healthy	2	2	3	4	2	2	3	2	2	4	1	4	5	2	2	1	2	5	4	5	6	1	3	4	4	4	5	4	1	1	4	5	5	4	7
SRR4784741	Healthy	2	2	3	3	2	5	6	2	2	2	4	2	7	8	1	1	2	2	3	3	6	1	1	4	2	4	1	2	2	1	1	5	6	4	7
SRR4784742	Healthy	2	2	2	3	2	5	6	2	2	2	4	2	7	8	1	1	2	2	3	3	6	1	1	4	2	4	1	2	2	1	1	5	6	4	7
SRR4784743	Healthy	2	2	3	3	2	5	6	2	2	2	4	2	7	8	1	1	2	2	3	3	2	1	1	4	2	4	1	2	2	1	1	5	6	4	7
SRR4784744	Healthy	2	2	3	3	2	5	6	2	2	2	4	2	7	8	1	1	2	2	3	3	2	1	1	4	2	4	1	2	2	1	1	5	6	4	7
SRR4784745	Healthy	2	2	3	3	2	5	6	2	2	2	4	2	7	8	1	1	2	2	3	3	6	1	1	4	2	4	1	2	2	1	1	5	6	4	7
SRR4784746	Healthy	2	2	3	3	2	5	6	2	2	2	4	2	7	8	1	1	2	2	3	3	6	1	1	4	2	4	1	2	2	1	1	5	6	4	7
SRR4784747	Healthy	2	2	2	5	2	6	2	2	2	4	1	2	7	8	2	1	2	2	3	3	6	2	2	1	2	4	5	2	1	3	3	5	1	4	1
SRR4784748	Healthy	2	2	2	4	2	2	2	2	2	4	1	2	7	8	2	1	2	2	3	3	6	2	2	1	2	4	5	2	1	3	3	5	1	4	1
SRR4784749	Healthy	2	2	2	4	2	2	2	2	2	4	1	4	7	2	2	1	2	2	5	3	6	2	2	4	2	4	1	8	1	2	3	5	5	4	5
SRR4784750	Healthy	2	2	2	4	2	2	2	2	2	4	1	4	5	2	2	1	2	2	5	3	6	2	2	4	2	4	1	8	1	2	3	5	5	4	5
SRR4784751	Healthy	2	2	2	4	2	2	2	2	2	4	1	4	5	2	2	1	2	5	3	5	6	2	2	4	4	4	5	2	1	2	3	5	1	4	7
SRR4784752	Healthy	2	2	2	4	2	2	2	2	2	4	1	4	5	2	2	1	2	5	3	5	6	2	2	4	4	4	5	2	1	2	3	5	1	4	7
SRR4784753	Healthy	2	2	3	4	2	2	6	2	2	4	1	2	7	8	1	1	2	2	3	3	2	1	1	3	1	2	3	3	2	2	2	5	3	4	4
SRR4784754	Healthy	2	2	3	4	2	2	2	2	2	4	1	2	7	8	1	1	2	2	3	3	2	1	1	3	1	2	3	3	2	2	2	5	3	4	4
SRR4784755	Healthy	2	2	2	5	2	6	6	2	2	4	1	4	5	2	1	1	2	2	3	5	6	2	2	1	4	4	5	4	1	3	3	5	1	4	1
SRR4784756	Healthy	2	2	2	5	2	6	6	2	2	4	1	4	5	2	1	1	2	2	3	5	6	2	2	1	4	4	5	4	1	3	3	5	1	4	1
SRR4784757	Healthy	2	2	2	5	2	6	6	2	2	4	1	4	5	2	1	1	2	2	3	5	6	2	2	1	4	4	5	2	1	3	3	5	1	4	7
SRR4784758	Healthy	2	2	2	5	2	6	6	2	2	4	1	4	5	2	1	1	2	2	3	5	6	2	2	1	4	4	5	2	1	3	3	5	1	4	7
SRR4784759	Healthy	2	2	2	5	2	6	6	2	2	4	1	4	5	2	1	1	2	2	3	5	6	2	2	1	4	4	5	4	1	3	3	5	1	4	1
SRR4784760	Healthy	2	2	2	5	2	6	6	2	2	4	1	4	5	2	1	1	2	2	3	5	6	2	2	1	4	4	5	4	1	3	3	5	1	4	1
SRR4784761	Healthy	1	1	4	2	5	3	1	1	1	1	3	6	4	6	2	3	1	4	5	6	4	2	2	4	4	1	4	8	1	1	3	2	6	7	8
SRR4784762	Healthy	1	1	4	2	5	3	1	1	1	1	3	6	4	6	2	3	1	4	5	6	4	2	2	4	4	1	4	8	1	1	3	2	6	7	8
SRR4784763	Healthy	1	1	4	2	5	3	1	1	3	1	5	1	4	6	2	3	1	4	5	4	1	2	2	4	4	6	7	1	1	1	4	2	6	7	8
SRR4784764	Healthy	1	1	4	2	5	3	1	1	3	1	5	1	4	6	2	3	1	4	5	4	1	2	2	4	4	6	7	1	1	1	4	2	6	7	8
SRR4784765	TB	2	2	2	4	2	2	3	2	2	4	4	4	1	3	1	2	4	3	1	2	2	1	1	3	1	2	3	3	2	2	2	3	3	3	4
SRR4784766	TB	2	2	2	4	2	2	3	2	2	4	4	4	1	3	1	2	4	3	1	2	2	1	1	3	1	2	3	3	2	2	2	3	3	3	4
SRR4784767	TB	2	2	2	3	2	5	3	2	2	2	4	4	1	5	1	2	4	3	1	2	2	1	1	3	1	5	6	3	2	2	2	3	3	1	2
SRR4784768	TB	2	2	2	3	2	5	3	2	2	2	4	4	1	5	1	2	4	3	1	2	2	1	1	3	1	5	6	3	2	2	2	3	3	1	2
SRR4784769	TB	2	2	2	4	2	2	3	2	2	4	1	4	5	2	2	1	3	5	4	7	3	2	3	2	5	3	2	7	2	2	4	4	2	6	3
SRR4784770	TB	2	2	2	4	2	2	3	2	2	4	1	4	5	2	2	1	3	5	4	7	3	2	3	2	5	3	2	7	2	2	4	4	2	6	3
SRR4784771	TB	2	2	2	4	2	2	3	2	2	4	1	4	5	2	2	1	3	5	4	7	3	2	3	2	5	3	2	7	2	1	4	4	2	6	3
SRR4784772	TB	2	2	2	4	2	2	3	2	2	4	1	4	5	2	2	1	3	5	4	7	3	2	3	2	5	3	2	7	2	1	4	4	2	6	3
SRR4784773	Healthy	1	1	4	2	3	1	7	1	1	3	3	5	6	1	2	3	1	4	6	2	8	1	1	3	1	2	3	3	2	3	2	3	4	3	4
SRR4784774	Healthy	1	1	4	2	3	1	7	1	1	3	3	5	6	1	2	3	1	4	6	2	8	1	1	3	1	2	3	3	2	3	2	3	4	3	4
SRR4784775	Healthy	1	1	4	2	3	1	7	1	3	1	5	1	4	7	2	3	3	1	4	7	1	2	3	2	5	3	2	1	1	1	4	4	2	7	3
SRR4784776	Healthy	1	1	4	2	3	1	7	1	3	1	5	1	4	7	2	3	3	1	4	7	1	2	3	2	5	3	2	1	1	1	4	4	2	7	3
SRR4784777	Healthy	1	1	4	2	1	1	7	1	1	3	3	1	6	1	2	3	1	4	6	6	5	1	1	3	3	2	3	3	1	1	3	1	4	3	8
SRR4784778	Healthy	1	1	4	2	1	1	7	1	1	1	3	1	6	1	2	3	1	4	6	6	5	1	2	3	3	2	3	3	1	1	3	1	4	3	8
SRR4784779	Healthy	1	1	4	2	3	1	7	1	3	3	5	1	4	7	2	3	3	1	4	4	1	2	3	2	5	3	2	1	1	1	4	4	2	7	8
SRR4784780	Healthy	1	1	4	2	3	1	7	1	3	1	5	1	4	6	2	3	3	1	4	4	1	2	3	2	5	3	2	1	1	1	4	4	2	7	8
SRR4784781	Healthy	2	2	2	5	2	6	2	2	2	4	1	2	5	2	2	1	2	2	3	5	6	2	2	1	2	4	5	2	1	3	3	5	1	4	1
SRR4784782	Healthy	2	2	2	5	2	6	3	2	2	4	1	2	5	2	2	1	2	2	3	5	6	2	2	4	2	4	5	2	1	3	3	5	1	4	1
SRR4784783	Healthy	1	1	4	2	5	3	1	1	1	2	3	6	4	6	2	3	1	4	5	6	4	2	2	4	4	1	4	8	1	1	3	2	5	2	5
SRR4784784	Healthy	1	1	4	2	5	3	1	1	3	3	3	6	4	6	2	3	1	4	5	6	4	2	2	4	4	1	4	8	1	1	3	2	5	2	5
SRR4784785	Healthy	2	2	2	3	2	5	2	2	2	4	1	2	7	8	2	1	2	2	5	5	6	2	2	1	4	4	5	4	1	3	3	5	1	4	1
SRR4784786	Healthy	2	2	2	3	2	5	3	2	2	4	1	2	7	8	2	1	2	2	5	5	6	2	2	1	4	4	5	4	1	3	3	5	1	4	1
SRR4784787	Healthy	2	2	2	3	2	5	2	2	2	4	4	2	7	8	2	1	2	2	5	5	6	2	2	1	4	4	5	4	1	3	3	5	1	4	1
SRR4784788	Healthy	2	2	2	3	2	5	2	2	2	4	1	2	7	8	2	1	2	2	5	5	6	2	2	1	4	4	5	4	1	3	3	5	1	4	1
SRR4784789	Healthy	2	2	2	3	2	5	2	2	2	4	4	2	1	8	1	1	2	3	3	3	2	1	1	1	2	4	5	2	1	3	3	5	1	4	7
SRR4784790	Healthy	2	2	2	3	2	5	2	2	2	4	4	2	1	8	1	1	4	3	3	3	2	1	1	1	2	4	5	2	1	3	3	5	1	4	7
SRR4784791	Healthy	2	2	2	3	2	5	2	2	2	4	4	2	7	8	2	1	2	2	5	5	6	2	2	4	4	4	5	2	1	3	3	5	6	4	7
SRR4784792	Healthy	2	2	2	3	2	5	2	2	2	4	4	2	7	8	2	1	2	2	5	5	6	2	2	4	4	4	5	2	1	3	3	5	6	4	7
SRR4784793	Healthy	1	3	1	1	5	3	1	1	3	1	2	3	2	4	1	2	4	3	6	1	5	1	1	3	2	5	6	6	2	2	2	1	1	1	2
SRR4784794	Healthy	1	3	1	1	5	3	1	1	3	1	2	3	2	4	1	2	4	3	6	1	5	1	1	3	2	5	6	6	2	2	2	1	1	1	2
SRR4784795	Healthy	1	3	1	1	5	3	1	1	3	3	3	6	4	6	1	3	1	4	5	6	4	2	2	4	4	1	4	8	1	1	3	2	5	2	5
SRR4784796	Healthy	1	3	1	1	5	3	1	1	3	3	3	6	4	6	2	3	1	4	5	6	4	2	2	4	4	1	4	8	1	1	3	2	5	2	5
SRR4784797	TB	1	3	1	1	1	7	4	1	3	3	2	5	2	4	1	3	1	4	2	6	7	2	1	1	3	6	7	5	1	3	3	1	4	5	6
SRR4784798	TB	1	3	1	1	1	7	4	1	3	3	2	5	2	4	1	3	1	4	2	6	7	2	1	1	3	6	7	5	1	3	3	1	4	5	6
SRR4784799	TB	1	3	1	1	1	7	4	1	3	1	5	1	6	4	1	3	1	4	2	6	5	2	1	1	3	1	6	5	1	3	3	2	4	5	6
SRR4784800	TB	1	3	1	1	1	7	4	1	3	1	5	1	6	4	1	3	1	4	2	6	5	2	1	1	3	1	6	5	1	3	3	2	4	5	6
SRR4784801	TB	1	3	1	1	1	7	4	1	3	2	2	5	2	1	1	3	1	4	2	6	7	2	1	1	3	6	7	5	1	3	3	1	4	5	6
SRR4784802	TB	1	3	1	1	1	7	4	1	3	2	2	5	2	1	1	3	1	4	2	6	7	2	1	1	3	6	7	5	1	3	3	1	4	5	6
SRR4784809	TB	2	2	2	3	2	5	2	2	2	4	4	2	7	8	1	1	2	2	3	3	6	2	2	3	1	4	1	2	2	2	2	1	3	7	2
SRR4784810	TB	2	2	2	3	2	5	2	2	2	4	4	2	7	8	1	1	2	2	3	3	6	2	2	3	1	4	1	2	2	2	2	1	3	7	2
SRR4784811	TB	2	2	2	5	2	6	2	2	2	4	4	2	7	8	1	1	2	2	3	3	6	2	1	3	1	5	6	2	2	2	2	1	3	1	2
SRR4784812	TB	2	2	2	5	2	6	2	2	2	4	4	2	7	8	1	1	2	2	3	3	6	2	1	3	1	5	6	2	2	2	2	1	3	1	2
SRR4784813	TB	2	2	2	4	2	2	2	2	2	4	4	2	7	8	2	1	2	2	5	5	6	2	2	4	4	1	4	4	2	2	3	2	5	2	1
SRR4784814	TB	2	2	3	4	2	2	2	2	2	4	4	2	7	8	2	1	2	2	5	5	6	2	2	4	4	1	4	4	2	2	3	2	5	2	1
SRR4784815	TB	2	2	2	5	2	6	2	2	2	4	4	2	5	8	2	1	2	2	5	5	6	2	2	4	4	1	4	4	2	2	2	2	5	2	5
SRR4784816	TB	2	2	2	5	2	6	2	2	2	4	4	2	5	8	2	1	2	2	5	5	6	2	2	4	4	1	4	4	2	2	2	2	5	2	5
SRR4784817	TB	1	1	4	2	4	1	1	1	1	2	3	6	6	1	2	3	1	4	2	6	7	2	2	1	3	6	7	8	1	3	1	1	4	5	6
SRR4784818	TB	1	1	4	2	4	1	1	1	1	2	3	6	6	1	2	3	1	4	2	6	7	2	2	1	3	6	7	8	1	3	1	1	4	5	6
SRR4784819	TB	1	1	4	2	4	1	1	1	1	2	3	6	6	1	2	3	1	4	2	6	7	2	2	1	3	6	7	5	1	3	1	1	4	5	6
SRR4784820	TB	1	1	4	2	4	1	1	1	1	2	3	6	6	1	2	3	1	4	2	6	7	2	2	1	3	6	7	5	1	3	1	1	4	5	6
SRR4784821	TB	1	1	4	2	4	1	1	1	1	2	3	6	6	1	2	3	1	4	2	6	7	2	2	1	3	6	7	8	1	3	1	1	4	5	6
SRR4784822	TB	1	1	4	2	4	1	1	1	1	2	3	6	6	1	2	3	1	4	2	6	7	2	2	1	3	6	7	8	1	3	1	1	4	5	6
SRR4784823	TB	1	1	4	2	4	1	1	1	1	2	3	6	6	1	2	3	1	4	2	6	7	2	2	1	3	6	7	8	1	3	1	1	4	5	6
SRR4784824	TB	1	1	4	2	4	1	1	1	1	2	3	6	6	1	2	3	1	4	2	6	7	2	2	1	3	6	7	8	1	3	1	1	4	5	6
SRR4784825	TB	1	1	4	2	1	1	8	1	3	3	2	5	2	3	1	2	4	1	6	2	8	1	1	3	1	5	3	3	2	2	2	3	3	1	4
SRR4784826	TB	1	1	4	2	1	1	8	1	3	3	2	5	2	3	1	2	4	1	6	2	8	1	1	3	1	5	3	3	2	2	2	3	3	1	4
SRR4784827	TB	1	1	4	2	1	1	8	1	3	3	2	5	2	3	1	2	4	1	6	2	8	1	1	3	1	5	3	3	2	2	2	3	3	1	4
SRR4784828	TB	1	1	4	2	1	1	8	1	3	3	2	5	2	3	1	2	4	1	6	2	8	1	1	3	1	5	3	3	2	2	2	3	3	1	4
SRR4784829	TB	1	1	4	2	3	1	8	1	3	3	2	5	2	4	1	3	1	1	6	2	5	1	1	3	1	5	6	3	2	2	2	3	3	1	2
SRR4784830	TB	1	1	4	2	3	1	8	1	3	3	2	5	2	4	1	3	1	1	6	2	5	1	1	3	1	5	6	3	2	2	2	3	3	1	2
SRR4784831	TB	1	1	4	2	1	1	8	1	3	3	2	5	2	3	1	2	4	1	6	2	8	1	1	3	1	5	3	3	2	2	2	3	3	1	4
SRR4784832	TB	1	1	4	2	1	1	8	1	3	3	2	5	2	3	1	2	4	1	6	2	8	1	1	3	1	5	3	3	2	2	2	3	3	1	4
SRR4784833	TB	1	3	1	1	1	7	4	1	3	3	2	5	2	3	1	2	1	1	6	2	8	1	1	3	1	2	3	3	2	2	2	3	3	3	4
SRR4784834	TB	1	3	1	1	1	7	4	1	3	3	2	5	2	3	1	2	1	1	6	2	8	1	1	3	1	2	3	3	2	2	2	3	3	3	4
SRR4784835	TB	1	3	1	1	1	7	4	1	3	3	2	5	2	4	1	2	4	1	6	2	8	1	1	3	1	5	3	3	2	2	2	3	3	3	4
SRR4784836	TB	1	3	1	1	1	7	4	1	3	3	2	5	2	4	1	2	4	1	6	2	8	1	1	3	1	5	3	3	2	2	2	3	3	3	4
SRR4784837	TB	1	3	1	1	1	7	4	1	3	3	2	5	2	4	1	2	1	1	6	2	8	1	1	3	1	2	3	3	2	2	2	3	3	3	4
SRR4784838	TB	1	3	1	1	1	7	4	1	3	3	2	5	2	4	1	2	1	1	6	2	8	1	1	3	1	2	3	3	2	2	2	3	3	3	4
SRR4784839	TB	1	1	4	2	4	1	1	1	1	1	5	6	6	6	2	3	1	4	2	6	4	2	2	4	4	1	4	8	1	3	3	2	5	2	6
SRR4784840	TB	1	1	4	2	4	1	1	1	1	1	5	6	6	6	2	3	1	4	2	6	4	2	2	4	4	1	4	8	1	3	3	2	5	2	6
SRR4784841	TB	1	1	4	2	4	1	1	1	1	1	5	1	6	7	2	3	3	1	4	7	3	1	3	2	5	3	2	7	1	1	4	4	2	6	3
SRR4784842	TB	1	1	4	2	4	1	1	1	1	1	5	1	6	7	2	3	3	1	4	7	3	1	3	2	5	3	2	7	1	1	4	4	2	6	3
SRR4784843	TB	1	1	4	2	3	1	7	1	1	1	3	6	4	6	2	3	1	4	2	4	1	2	3	2	3	6	7	1	1	1	1	1	6	7	8
SRR4784844	TB	1	1	4	2	3	1	7	1	1	1	3	6	4	6	2	3	1	4	2	4	1	2	3	2	3	6	7	1	1	1	1	1	6	7	8
SRR4784845	TB	1	1	4	2	1	1	8	1	1	1	3	6	2	6	2	3	1	4	2	6	8	2	2	3	2	6	1	6	1	2	1	1	6	1	2
SRR4784846	TB	1	1	4	2	3	1	7	1	1	1	3	6	2	6	2	3	1	4	2	6	8	2	2	3	2	6	1	6	1	2	1	1	6	1	2
SRR4784847	TB	1	1	4	2	3	1	7	1	1	1	3	6	4	6	2	3	1	4	2	4	1	2	3	2	3	6	7	1	1	1	1	1	6	7	8
SRR4784848	TB	1	1	4	2	3	1	7	1	1	1	3	6	4	6	2	3	1	4	2	4	1	2	3	2	3	6	7	1	1	1	1	1	6	7	8
SRR4784849	TB	1	1	4	2	6	1	7	1	1	1	3	6	4	6	2	3	1	4	2	4	1	2	3	2	3	6	7	1	1	1	1	1	6	7	8
SRR4784850	TB	1	1	4	2	3	1	7	1	1	1	3	6	4	6	2	3	1	4	2	4	1	2	3	2	3	6	7	1	1	1	1	1	6	7	8
SRR4784851	TB	1	3	1	1	6	4	5	1	3	1	5	1	3	7	2	3	3	1	4	7	3	2	3	2	5	3	2	1	1	1	4	4	2	6	3
SRR4784852	TB	1	3	1	1	6	4	7	1	3	1	5	1	3	7	2	3	3	1	4	7	3	2	3	2	5	3	2	1	1	1	4	4	2	6	3
SRR4784853	TB	1	3	1	1	3	4	7	1	3	1	5	1	3	7	2	3	3	1	4	7	3	2	3	2	5	3	2	1	1	1	4	4	2	6	3
SRR4784854	TB	1	3	1	1	6	4	7	1	3	1	5	1	3	7	2	3	3	1	4	7	3	2	3	2	5	3	2	1	1	1	4	4	2	6	3
SRR4784855	TB	1	3	1	1	3	4	7	1	3	1	5	1	3	7	2	3	3	1	4	4	1	2	3	2	5	3	2	1	1	1	4	4	2	7	3
SRR4784856	TB	1	3	1	1	3	4	7	1	3	1	5	1	3	7	2	3	3	1	4	4	1	2	3	2	5	3	2	1	1	1	4	4	2	7	3
SRR4784857	TB	1	3	1	1	3	1	7	1	3	1	3	6	4	6	2	3	1	4	5	5	4	2	2	4	4	1	4	4	1	1	3	2	5	2	1
SRR4784858	TB	1	3	1	1	3	1	7	1	3	1	3	6	4	6	2	3	1	4	5	5	4	2	2	4	4	1	4	4	1	1	3	2	5	2	1
SRR4784859	TB	1	3	1	1	5	3	1	1	3	1	5	1	3	4	1	3	3	1	4	7	3	1	3	1	2	3	2	7	1	3	4	4	6	1	3
SRR4784860	TB	1	3	1	1	5	3	1	1	3	1	5	1	3	4	1	3	3	1	4	7	3	1	3	1	2	3	2	7	1	3	4	4	6	1	3
SRR4784861	TB	1	1	4	2	5	1	1	1	3	1	2	1	3	4	1	3	1	3	6	1	5	1	1	1	2	5	6	6	1	3	4	1	6	1	2
SRR4784862	TB	1	1	4	2	5	1	1	1	3	1	2	1	3	4	1	3	1	3	6	1	5	1	1	1	2	5	6	6	1	3	4	1	6	1	2
SRR4784863	TB	1	3	1	1	5	3	1	1	3	1	5	1	3	7	1	3	3	1	4	4	1	1	3	1	2	3	2	1	1	3	4	4	6	7	5
SRR4784864	TB	1	3	1	1	5	3	1	1	3	1	5	1	3	7	1	3	3	1	4	4	1	1	3	1	2	3	2	1	1	3	4	4	6	7	5
SRR4784865	TB	1	3	1	1	5	3	1	1	3	1	5	1	3	6	1	3	1	4	6	6	4	1	2	1	2	1	1	8	1	3	1	1	6	7	5
SRR4784866	TB	1	3	1	1	5	3	1	1	3	1	5	1	3	6	1	3	1	4	6	6	4	1	1	1	2	1	1	8	1	3	1	1	6	7	5
SRR4784867	TB	1	1	4	2	5	3	1	1	1	1	2	5	6	1	1	3	1	4	2	6	7	1	1	1	3	6	7	5	1	3	2	1	4	5	6
SRR4784868	TB	1	1	4	2	5	3	1	1	1	1	2	5	6	1	1	3	1	4	2	6	7	1	1	1	3	6	7	5	1	3	2	1	4	5	6
SRR4784869	TB	1	3	1	1	5	3	1	1	3	1	5	1	3	4	1	3	3	1	4	7	3	1	3	2	5	3	3	7	1	1	4	4	2	6	3
SRR4784870	TB	1	3	1	1	6	3	1	1	1	1	5	1	3	4	1	3	3	1	4	7	3	1	3	2	5	3	3	7	1	1	4	4	2	6	3
SRR4784871	TB	2	2	3	3	2	5	6	2	2	4	4	2	7	8	2	1	2	2	5	5	4	2	2	4	4	1	4	4	1	1	3	2	5	2	1
SRR4784872	TB	2	2	3	3	2	5	6	2	2	4	4	2	7	8	2	1	2	2	5	5	4	2	2	4	4	1	4	4	1	1	3	2	5	2	1
SRR4784873	TB	2	2	2	3	2	5	2	2	2	4	4	2	7	8	2	1	2	2	5	5	4	2	2	4	4	1	4	4	1	1	3	2	5	2	5
SRR4784874	TB	2	2	2	3	2	5	2	2	2	4	4	2	7	8	2	1	2	2	5	5	4	2	2	4	4	1	4	4	1	1	3	2	5	2	5
SRR4784875	TB	2	2	2	3	2	5	2	2	2	4	4	2	7	8	2	1	2	2	3	3	6	2	2	4	4	4	1	8	1	1	3	5	6	7	5
SRR4784876	TB	2	2	2	3	2	5	2	2	2	4	4	2	7	8	2	1	2	2	3	3	6	2	2	4	4	4	1	8	1	1	3	5	6	7	5
SRR4784877	TB	2	2	2	3	2	5	2	2	2	4	4	2	7	8	2	1	2	2	5	5	6	2	2	4	4	1	4	4	1	1	3	2	5	2	1
SRR4784878	TB	2	2	2	3	2	5	2	2	2	4	4	2	7	8	2	1	2	2	5	5	6	2	2	4	4	1	4	4	1	1	3	2	5	2	1
SRR4784879	TB	2	2	2	4	2	2	2	2	2	4	1	4	5	2	1	1	2	5	5	3	6	1	1	1	2	4	5	2	1	3	4	5	6	4	5
SRR4784880	TB	2	2	2	3	2	5	2	2	2	4	1	4	5	2	1	1	2	5	5	3	6	1	1	1	2	4	5	2	1	3	4	5	6	4	5
SRR4784881	TB	2	2	2	3	2	5	2	2	2	4	1	4	5	2	1	1	2	5	1	3	2	1	1	1	2	4	5	2	1	3	4	5	6	4	7
SRR4784882	TB	2	2	2	4	2	2	2	2	2	4	1	4	5	2	1	1	2	5	1	3	2	1	1	1	2	4	5	2	1	3	4	5	6	4	7
SRR4784883	TB	2	2	2	3	2	5	2	2	2	4	4	2	7	8	1	1	2	2	5	3	6	1	1	4	2	4	5	2	1	3	3	5	6	4	7
SRR4784884	TB	2	2	2	3	2	5	2	2	2	4	4	2	7	8	1	1	2	2	5	3	6	1	1	4	2	4	5	2	1	3	3	5	6	4	7
SRR4784885	TB	2	2	2	3	2	5	2	2	2	4	4	4	7	8	1	1	2	2	3	3	3	1	1	1	2	4	5	2	1	3	4	5	6	4	7
SRR4784886	TB	2	2	2	3	2	5	2	2	2	4	4	4	7	8	1	1	2	2	3	3	3	1	1	1	2	4	5	2	1	3	4	5	6	4	7
SRR4784887	TB	1	1	4	2	3	1	8	1	1	1	3	6	4	6	2	3	1	4	2	4	1	1	3	2	3	6	7	1	2	2	1	1	6	7	8
SRR4784888	TB	1	1	4	2	1	1	8	1	1	1	3	6	4	6	2	3	1	4	2	4	1	1	3	2	3	6	7	1	2	2	1	1	6	7	8
SRR4784889	TB	1	1	4	2	1	1	8	1	1	1	3	6	4	6	2	3	1	4	2	4	1	1	3	2	3	6	7	1	2	2	1	1	6	7	8
SRR4784890	TB	1	1	4	2	3	1	8	1	1	1	3	6	4	6	2	3	1	4	2	4	1	1	3	2	3	6	7	1	2	2	1	1	6	7	8
SRR4784891	TB	1	1	4	2	3	1	8	1	1	1	3	6	4	6	2	3	1	4	2	4	1	2	3	2	3	6	7	1	1	1	1	1	6	7	8
SRR4784892	TB	1	1	4	2	3	1	8	1	1	1	3	6	4	6	2	3	1	4	2	4	1	2	3	2	3	6	7	1	1	1	1	1	6	7	8
SRR4784893	TB	2	2	2	5	2	6	2	2	2	4	1	4	5	2	1	1	3	5	1	7	3	1	3	1	5	3	2	7	2	2	2	3	3	6	4
SRR4784894	TB	2	2	2	5	2	6	2	2	2	4	1	4	5	2	1	1	3	5	1	7	3	1	3	1	5	3	2	7	2	2	2	3	3	6	4
SRR4784895	TB	2	2	2	5	2	6	2	2	2	4	4	4	1	2	1	1	3	3	1	3	2	1	1	1	1	2	5	3	2	2	2	3	3	3	4
SRR4784896	TB	2	2	2	5	2	6	2	2	2	4	4	4	1	2	1	1	3	3	1	3	2	1	1	1	1	2	5	3	2	2	2	3	3	3	4
SRR4784897	TB	2	2	2	5	2	6	2	2	2	4	1	4	5	2	1	1	2	2	3	3	6	1	1	4	2	4	5	2	1	2	3	5	3	4	7
SRR4784898	TB	2	2	2	5	2	6	2	2	2	4	1	4	5	2	1	1	2	2	3	3	6	1	1	4	2	4	5	2	1	2	3	5	3	4	7
SRR4784899	TB	2	2	2	5	2	6	2	2	2	4	1	4	5	2	1	1	3	5	1	7	3	1	1	1	1	5	2	7	1	2	2	5	3	6	4
SRR4784900	TB	2	2	2	5	2	6	2	2	2	4	1	4	5	2	1	1	3	5	1	7	3	1	1	1	1	5	2	7	1	2	2	5	3	6	4
SRR4784901	TB	1	3	1	1	5	3	1	1	3	2	3	6	4	6	1	3	1	4	5	6	4	2	2	4	4	1	1	8	1	3	3	2	6	7	5
SRR4784902	TB	1	3	1	1	5	3	1	1	3	2	3	5	4	6	1	3	1	4	5	6	4	2	2	4	4	1	1	8	1	3	3	2	6	7	5
SRR4784903	TB	1	3	1	1	6	3	5	1	3	1	5	1	3	7	1	3	3	1	4	7	3	1	3	2	5	3	2	7	1	1	4	4	2	6	3
SRR4784904	TB	1	3	1	1	6	3	5	1	3	1	5	1	3	7	1	3	3	1	4	7	3	1	3	2	5	3	2	7	1	1	4	4	2	6	3
SRR4784905	TB	1	3	1	1	5	3	1	1	3	3	2	5	2	4	1	3	3	3	6	7	3	1	3	2	1	5	2	7	2	2	2	4	3	1	3
SRR4784906	TB	1	3	1	1	5	3	1	1	3	3	2	5	2	4	1	3	3	3	6	7	3	1	3	2	1	5	2	7	2	2	2	4	3	1	3
SRR4784907	TB	1	1	4	2	5	1	1	1	3	3	2	5	2	4	1	3	4	3	6	1	5	1	1	3	1	5	6	6	2	2	2	1	4	1	2
SRR4784908	TB	1	1	4	2	5	1	1	1	3	3	2	5	2	4	1	3	4	3	6	1	5	1	1	3	1	5	6	6	2	2	2	1	4	1	2
SRR4784909	TB	1	3	1	1	5	3	1	1	3	3	2	5	2	4	1	3	1	3	6	1	5	1	1	3	4	5	6	6	2	2	2	1	4	5	6
SRR4784910	TB	1	3	1	1	5	1	1	1	3	3	2	5	2	4	1	3	1	3	6	1	5	1	1	3	4	5	6	6	2	2	2	1	4	5	6
SRR4784911	TB	1	3	1	1	5	3	1	1	3	3	2	5	2	4	1	3	3	3	6	7	3	1	3	2	1	5	2	7	2	2	2	4	3	1	3
SRR4784912	TB	1	3	1	1	5	3	1	1	3	3	2	5	2	4	1	3	3	3	6	7	3	1	3	2	1	5	2	7	2	2	2	4	3	1	3
SRR4784913	TB	1	1	4	2	3	1	7	1	1	1	3	6	4	1	1	3	1	4	2	4	1	2	1	2	3	6	7	1	1	1	1	1	6	7	8
SRR4784914	TB	1	1	4	2	3	1	7	1	1	1	3	6	4	1	1	3	1	4	2	4	1	2	1	2	3	6	7	1	1	1	1	1	6	7	8
SRR4784915	TB	1	1	4	2	3	1	7	1	1	1	3	6	4	1	1	3	1	4	2	2	8	2	1	3	3	6	7	3	1	2	2	1	3	1	2
SRR4784916	TB	1	1	4	2	1	1	7	1	1	1	3	6	4	1	1	3	1	4	2	2	8	1	1	3	3	6	7	3	1	2	2	1	3	1	2
SRR4784917	TB	1	1	4	2	1	1	8	1	1	1	3	6	4	1	1	3	1	4	2	4	1	2	1	2	3	6	7	1	1	1	1	1	6	7	8
SRR4784918	TB	1	1	4	2	3	1	7	1	1	1	3	6	4	1	1	3	1	4	2	4	1	2	1	2	3	6	7	1	1	1	1	1	6	7	8
SRR4784919	TB	1	1	4	2	3	1	7	1	1	1	3	6	4	1	1	3	1	4	2	4	1	2	1	2	3	6	7	1	1	1	1	1	6	7	8
SRR4784920	TB	1	1	4	2	3	1	7	1	1	1	3	6	4	1	1	3	1	4	2	4	1	2	1	2	3	6	7	1	1	1	1	1	6	7	8
SRR4784921	TB	2	2	2	3	2	5	3	2	2	4	4	4	1	5	1	2	4	3	1	2	2	1	1	3	1	5	6	3	2	2	2	3	3	3	4
SRR4784922	TB	2	2	2	3	2	5	3	2	2	4	4	4	1	5	1	2	4	3	1	2	2	1	1	3	1	5	6	3	2	2	2	3	3	3	4
SRR4784923	TB	2	2	2	3	2	5	3	2	2	4	4	4	1	5	1	2	4	3	1	2	2	1	1	3	1	5	6	3	2	2	2	3	3	3	4
SRR4784924	TB	2	2	2	3	2	5	3	2	2	4	4	4	1	5	1	2	4	3	1	2	2	1	1	3	1	5	6	3	2	2	2	3	3	3	4
SRR4784925	TB	2	2	2	3	2	5	3	2	2	4	1	2	7	2	1	1	2	2	5	3	6	1	1	1	4	4	2	2	1	3	4	5	5	4	5
SRR4784926	TB	2	2	2	3	2	5	3	2	2	4	1	2	7	2	1	1	2	2	5	3	6	1	1	1	4	4	2	2	1	3	4	5	5	4	5
SRR4784927	TB	2	2	2	3	2	5	3	2	2	4	1	4	5	2	1	2	4	5	1	2	2	1	1	3	1	5	3	7	2	2	2	4	3	1	4
SRR4784928	TB	2	2	2	3	2	5	3	2	2	4	1	4	5	2	1	2	4	5	1	2	2	1	1	3	1	5	3	7	2	2	2	4	3	1	4
SRR4784929	TB	1	1	4	2	5	3	1	1	1	1	5	1	6	3	2	3	1	4	2	4	1	1	1	2	3	6	7	1	2	3	1	1	6	7	8
SRR4784930	TB	1	1	4	2	5	3	1	1	1	1	5	1	6	3	2	3	1	4	2	4	1	1	1	2	3	6	7	1	2	3	1	1	6	7	8
SRR4784931	TB	1	1	4	2	5	3	1	1	1	1	3	5	6	1	1	3	1	4	2	2	7	1	1	3	3	6	6	6	2	2	2	1	4	3	4
SRR4784932	TB	1	1	4	2	5	3	1	1	1	1	3	5	6	1	1	3	1	4	2	2	7	1	1	3	3	6	6	6	2	2	2	1	4	3	4
SRR4784933	TB	1	1	4	2	5	3	1	1	1	1	3	6	6	1	2	3	1	4	2	6	7	2	2	4	3	6	7	8	1	1	1	1	6	7	8
SRR4784934	TB	1	1	4	2	5	1	1	1	1	1	3	6	6	1	2	3	1	4	2	6	7	2	2	4	3	6	7	8	1	1	1	1	6	7	8
SRR4784935	TB	1	1	4	2	5	3	8	1	1	1	3	1	6	1	1	3	1	4	2	4	1	1	1	1	3	6	7	1	1	3	1	1	6	7	8
SRR4784936	TB	1	1	4	2	5	3	8	1	1	1	3	1	6	1	1	3	1	4	2	4	1	1	1	1	3	6	7	1	1	3	1	1	6	7	8
SRR4784937	TB	1	3	1	1	1	7	4	1	3	3	2	5	2	3	1	3	1	4	2	6	7	1	1	3	3	6	6	6	2	2	2	1	5	2	5
SRR4784938	TB	1	3	1	1	1	7	4	1	3	3	2	5	2	3	1	3	1	4	2	6	7	1	1	3	3	6	6	6	2	2	2	1	5	2	5
SRR4784939	TB	1	3	1	1	1	7	4	1	3	1	5	1	6	1	2	3	1	4	2	4	8	1	1	3	3	2	3	3	2	2	1	3	3	3	8
SRR4784940	TB	1	3	1	1	1	7	4	1	3	1	5	1	6	1	2	3	1	4	2	4	8	1	1	3	3	2	3	3	2	2	1	3	3	3	8
SRR4784941	TB	1	3	1	1	1	7	4	1	3	1	5	1	6	1	2	3	1	4	2	6	7	1	2	1	3	6	7	8	2	2	1	1	6	7	8
SRR4784942	TB	1	3	1	1	1	7	4	1	3	1	5	1	6	1	2	3	1	4	2	6	7	1	2	1	3	6	7	8	2	2	1	1	6	7	8
SRR4784943	TB	1	3	1	1	1	7	4	1	3	1	5	1	6	3	2	3	1	4	2	4	1	1	1	2	3	6	7	1	2	2	1	1	6	7	8
SRR4784944	TB	1	3	1	1	1	7	4	1	3	1	5	1	6	3	2	3	1	4	2	4	1	1	1	2	3	6	7	1	2	2	1	1	6	7	8
SRR4784945	TB	2	2	2	3	2	5	2	2	2	4	4	3	1	5	1	1	2	5	3	3	6	1	3	2	2	4	5	2	2	1	4	4	6	4	7
SRR4784946	TB	2	2	2	3	2	5	2	2	2	4	4	3	1	5	1	1	2	5	3	3	6	1	3	2	2	4	5	2	2	1	4	4	6	4	7
SRR4784947	TB	2	2	2	3	2	5	2	2	2	4	1	4	5	2	2	1	3	5	4	7	2	1	3	2	5	3	2	7	2	2	4	4	2	6	3
SRR4784948	TB	2	2	2	3	2	5	2	2	2	4	1	4	5	2	2	1	3	5	4	7	2	1	3	2	5	3	2	7	2	2	4	4	2	6	3
SRR4784949	TB	1	1	4	2	5	3	1	1	3	3	2	5	6	1	1	3	1	4	2	6	7	2	2	1	3	6	7	5	1	3	1	2	6	7	6
SRR4784950	TB	1	1	4	2	5	3	1	1	3	3	2	5	6	1	1	3	1	4	2	6	7	2	2	1	3	6	7	5	1	3	1	2	6	7	6
SRR4784951	TB	1	1	4	2	5	3	1	1	3	3	5	1	6	1	1	3	1	4	2	6	4	1	2	1	3	6	1	8	1	3	1	1	6	7	8
SRR4784952	TB	1	1	4	2	5	3	1	1	3	3	5	1	6	1	1	3	1	4	2	6	4	1	2	1	3	6	1	8	1	3	1	1	6	7	8
SRR4784953	TB	1	1	4	2	5	3	1	1	3	3	3	1	6	1	1	3	1	4	2	6	7	1	1	4	3	6	7	8	1	1	1	2	6	7	6
SRR4784954	TB	1	1	4	2	5	3	1	1	3	3	3	1	6	1	1	3	1	4	2	6	7	1	1	1	3	6	7	8	1	1	1	2	6	7	6
SRR4784955	TB	1	1	4	2	5	3	1	1	3	3	3	5	6	1	1	3	1	4	2	6	7	2	2	1	3	6	7	5	1	3	1	2	1	7	6
SRR4784956	TB	1	1	4	2	5	3	1	1	3	3	3	5	6	1	1	3	1	4	2	6	7	2	2	1	3	6	7	5	1	3	1	2	1	7	6
SRR4784957	TB	1	3	1	1	5	3	1	1	3	3	2	3	2	4	1	2	4	1	6	1	5	1	1	3	5	5	6	6	2	2	2	4	4	1	2
SRR4784958	TB	1	3	1	1	5	3	1	1	3	3	2	3	2	4	1	2	4	1	6	1	5	1	1	3	5	5	6	6	2	2	2	4	4	1	2
SRR4784959	TB	1	3	1	1	6	3	5	1	3	3	5	1	2	4	1	2	4	1	6	1	5	1	1	3	5	5	6	6	2	2	2	4	4	5	2
SRR4784960	TB	1	3	1	1	6	3	5	1	3	3	5	1	2	4	1	2	4	1	6	1	5	1	1	3	5	5	6	6	2	2	2	4	4	5	2
SRR4784961	TB	1	3	1	1	6	3	5	1	3	1	5	1	3	7	1	3	3	1	4	7	3	1	3	2	5	3	2	7	2	2	2	4	2	6	3
SRR4784962	TB	1	3	1	1	6	3	5	1	3	1	5	1	3	7	1	3	3	1	4	7	3	1	3	2	5	3	2	7	2	2	2	4	2	6	3
SRR4784963	TB	1	3	1	1	6	4	5	1	1	1	5	6	4	6	1	3	1	1	2	6	7	1	1	3	3	6	7	5	2	2	2	1	4	5	6
SRR4784964	TB	1	3	1	1	6	4	5	1	1	1	5	6	4	6	1	3	1	1	2	6	7	1	1	3	3	6	7	5	2	2	2	1	4	5	6
SRR4784965	TB	1	3	1	1	1	7	4	1	3	3	5	1	3	3	1	3	3	1	2	4	1	1	1	2	3	6	7	1	2	2	1	4	6	7	6
SRR4784966	TB	1	3	1	1	1	7	4	1	3	3	5	1	3	3	1	3	3	1	2	4	1	1	1	2	3	6	7	1	2	2	1	4	6	7	6
SRR4784967	TB	1	3	1	1	3	7	4	1	3	2	5	1	6	1	1	3	1	4	2	6	7	1	1	1	3	6	4	5	1	3	1	2	1	5	6
SRR4784968	TB	1	3	1	1	3	7	4	1	3	2	5	1	6	1	1	3	1	4	2	6	7	1	1	1	3	6	4	5	1	3	1	2	1	5	6
SRR4784969	TB	1	3	1	1	1	7	4	1	3	3	5	1	3	3	1	3	3	1	2	2	8	1	1	2	3	6	7	6	2	2	1	4	4	5	6
SRR4784970	TB	1	3	1	1	1	7	4	1	3	3	5	1	3	3	1	3	3	1	2	2	8	1	1	2	3	6	7	6	2	2	1	4	4	5	6
SRR4784971	TB	2	2	2	5	2	6	2	2	2	4	4	2	7	8	2	1	2	2	3	3	6	2	2	1	2	4	5	5	1	3	3	5	1	4	7
SRR4784972	TB	2	2	3	4	2	2	2	2	2	4	4	2	7	8	2	1	2	2	3	3	6	2	2	1	2	4	5	5	1	3	3	5	1	4	7
SRR4784973	TB	2	2	2	5	2	6	2	2	2	4	4	2	1	5	2	1	2	2	3	3	2	2	2	1	2	4	5	5	1	3	3	5	1	3	7
SRR4784974	TB	2	2	2	5	2	6	2	2	2	4	4	2	1	5	2	1	2	2	3	3	2	2	2	1	2	4	5	5	1	3	3	5	1	3	7
SRR4784975	TB	2	2	2	3	2	5	2	2	2	4	4	2	7	8	2	1	2	2	3	3	6	1	2	1	2	4	5	5	1	1	2	5	3	4	7
SRR4784976	TB	2	2	3	3	2	5	2	2	2	4	4	2	7	8	2	1	2	2	3	3	6	1	2	1	2	4	5	5	1	1	2	5	3	4	7
SRR4784977	TB	2	2	2	5	2	6	2	2	2	4	1	2	7	8	2	1	2	2	5	5	6	2	2	4	4	4	5	4	1	1	3	5	1	4	1
SRR4784978	TB	2	2	2	5	2	6	2	2	2	4	1	2	7	8	2	1	2	2	5	5	6	2	2	4	4	4	5	4	1	1	3	5	1	4	1
SRR4784979	TB	1	3	1	1	3	7	4	1	3	3	2	5	6	1	1	3	1	4	2	6	7	2	1	1	3	6	7	5	1	3	3	2	1	5	6
SRR4784980	TB	1	3	1	1	3	7	4	1	3	3	2	5	6	1	1	3	1	4	2	6	7	2	1	1	3	6	7	5	1	3	3	2	1	5	6
SRR4784981	TB	1	3	1	1	3	7	4	1	3	3	2	5	2	3	1	3	4	1	2	2	8	1	1	2	1	6	3	3	2	2	2	3	3	3	6
SRR4784982	TB	1	3	1	1	1	7	4	1	3	3	2	5	2	3	1	3	4	1	2	2	8	1	1	2	1	6	3	3	2	2	2	3	3	3	6
SRR4784983	TB	1	3	1	1	3	7	4	1	3	3	2	1	3	6	1	3	1	1	2	4	8	1	1	2	3	6	7	5	1	1	1	2	1	5	6
SRR4784984	TB	1	3	1	1	3	7	4	1	3	3	2	1	3	6	1	3	1	1	2	4	8	1	1	2	3	6	7	5	1	1	1	2	1	5	6
SRR4784985	TB	1	3	1	1	3	7	4	1	3	3	2	5	2	3	1	3	1	1	2	4	8	1	1	2	3	6	7	3	1	2	1	1	1	5	6
SRR4784986	TB	1	3	1	1	3	7	4	1	3	3	2	5	2	3	1	3	1	1	2	4	8	1	1	2	3	6	7	3	1	2	1	1	1	5	6
SRR4784987	TB	1	3	1	1	5	3	1	1	1	1	3	6	4	6	1	3	1	4	2	6	7	2	1	1	3	6	7	5	1	3	3	2	1	5	6
SRR4784988	TB	1	3	1	1	5	3	1	1	1	1	3	6	4	6	1	3	1	4	2	6	7	2	1	1	3	6	7	5	1	3	3	2	1	5	6
SRR4784989	TB	1	3	1	1	5	3	1	1	1	1	3	6	4	6	1	3	1	4	2	2	7	1	1	1	3	6	7	5	1	3	3	1	4	5	6
SRR4784990	TB	1	1	4	2	5	3	1	1	1	1	3	6	4	6	1	3	1	4	2	2	7	1	1	1	3	6	7	5	1	3	3	1	4	5	6
SRR4784991	TB	1	3	1	1	5	3	1	1	1	1	3	6	4	6	1	3	1	4	2	6	7	1	1	1	3	6	7	5	1	3	3	2	1	5	6
SRR4784992	TB	1	3	1	1	5	3	1	1	1	1	3	6	4	6	1	3	1	4	2	6	7	1	1	1	3	6	7	5	1	3	3	2	1	5	6
SRR4784993	TB	1	3	1	1	5	3	1	1	1	1	3	6	4	6	1	3	1	4	2	4	7	2	1	1	3	6	7	5	1	3	3	2	1	5	6
SRR4784994	TB	1	3	1	1	5	3	1	1	1	1	3	6	4	6	1	3	1	4	2	4	7	2	1	1	3	6	7	5	1	3	3	2	1	5	6
SRR4784995	TB	1	3	1	1	5	3	5	1	1	1	5	6	2	6	1	3	1	1	2	2	7	2	2	1	3	6	7	5	1	3	3	1	4	5	6
SRR4784996	TB	1	3	1	1	5	3	5	1	1	1	5	6	2	6	1	3	1	1	2	2	7	2	2	1	3	6	7	5	1	3	3	1	4	5	6
SRR4784997	TB	1	3	1	1	6	3	5	1	1	1	2	6	2	6	1	3	1	1	2	2	7	2	2	1	3	6	7	6	1	3	2	1	4	5	6
SRR4784998	TB	1	3	1	1	5	3	5	1	1	1	2	6	2	6	1	3	1	1	2	2	7	2	2	1	3	6	7	6	1	3	2	1	4	5	6
SRR4784999	TB	1	3	1	1	6	3	5	1	1	1	5	6	4	6	1	3	1	1	2	2	7	2	2	1	3	6	7	5	1	3	3	1	4	5	6
SRR4785000	TB	1	3	1	1	6	3	5	1	1	1	5	6	4	6	1	3	1	1	2	2	7	2	2	1	3	6	7	5	1	3	3	1	4	5	6
SRR4785001	TB	1	3	1	1	6	3	5	1	1	1	2	6	2	6	1	3	1	1	2	2	7	2	2	1	3	6	7	5	1	3	3	1	4	5	6
SRR4785002	TB	1	3	1	1	6	3	5	1	1	1	2	6	2	6	1	3	1	1	2	2	7	2	2	1	3	6	7	5	1	3	3	1	4	5	6
SRR4785003	TB	1	3	1	1	1	7	4	1	3	3	2	5	2	4	1	2	4	3	6	1	5	1	1	3	1	5	3	3	2	2	2	3	3	1	2
SRR4785004	TB	1	3	1	1	1	7	4	1	3	3	2	5	2	4	1	2	4	3	6	1	5	1	1	3	1	5	3	3	2	2	2	3	3	1	2
SRR4785005	TB	1	3	1	1	1	7	4	1	3	3	2	5	2	4	1	2	4	3	6	1	5	1	1	3	1	5	3	3	2	2	2	3	3	1	2
SRR4785006	TB	1	3	1	1	1	7	4	1	3	3	2	5	2	4	1	2	4	3	6	1	5	1	1	3	1	5	3	3	2	2	2	3	3	1	2
SRR4785007	TB	1	3	1	1	1	1	1	1	3	3	5	1	6	1	1	3	1	4	5	6	4	1	1	4	4	1	4	8	1	1	3	2	5	2	5
SRR4785008	TB	1	3	1	1	1	7	4	1	3	3	5	1	6	1	1	3	1	4	5	6	4	1	1	4	4	1	4	8	1	1	3	2	5	2	5
SRR4785009	TB	1	3	1	1	1	7	4	1	3	3	5	1	3	4	1	2	4	3	6	1	5	1	1	3	1	5	6	6	1	1	2	3	3	1	2
SRR4785010	TB	1	3	1	1	1	7	4	1	3	3	5	1	3	4	1	2	4	3	6	1	5	1	1	3	1	5	6	6	1	1	2	3	3	1	2
SRR4785011	TB	2	2	3	3	2	5	3	2	2	4	1	4	5	2	1	1	2	2	3	3	6	2	2	4	2	4	5	2	1	1	1	5	6	4	7
SRR4785012	TB	2	2	2	4	2	2	3	2	2	4	1	4	5	2	1	1	2	2	3	3	6	2	2	4	2	4	5	2	1	1	1	5	6	4	7
SRR4785013	TB	2	2	2	3	2	5	3	2	2	4	1	4	5	2	1	1	2	2	3	3	6	2	2	4	2	4	5	2	1	2	1	5	6	4	7
SRR4785014	TB	2	2	2	3	2	5	3	2	2	4	1	4	5	2	1	1	2	2	3	3	6	2	2	4	2	4	5	2	1	2	1	5	6	4	7
SRR4785015	TB	2	2	3	4	2	2	3	2	2	4	1	4	5	2	1	1	2	2	3	3	6	2	2	4	2	4	5	2	1	1	1	5	6	4	7
SRR4785016	TB	2	2	2	3	2	5	3	2	2	4	1	4	5	2	1	1	2	2	3	3	6	2	2	4	2	4	5	2	1	1	1	5	6	4	7
SRR4785017	TB	2	2	2	5	2	6	3	2	2	4	1	2	7	8	2	1	2	2	5	5	4	2	2	4	4	1	4	4	1	1	3	2	5	2	1
SRR4785018	TB	2	2	2	5	2	6	3	2	2	4	1	2	7	8	2	1	2	2	5	5	4	2	2	4	4	1	4	4	1	1	3	2	5	2	1
SRR4785019	TB	1	3	1	1	6	4	5	1	3	1	5	1	3	3	1	2	3	1	1	2	8	1	1	2	5	2	3	7	2	2	2	4	4	6	4
SRR4785020	TB	1	3	1	1	6	4	5	1	3	1	5	1	3	3	1	2	3	1	1	2	8	1	1	2	5	2	3	7	2	2	2	4	4	6	4
SRR4785021	TB	1	3	1	1	6	4	5	1	3	1	5	1	3	4	1	2	3	3	1	2	8	1	1	3	1	2	3	3	2	2	2	3	4	3	4
SRR4785022	TB	1	3	1	1	6	4	5	1	3	1	5	1	3	4	1	2	3	3	1	2	8	1	1	3	1	2	3	3	2	2	2	3	4	3	4
SRR4785023	TB	1	3	1	1	6	3	5	1	3	1	5	1	4	6	1	3	1	4	2	6	7	2	1	4	3	6	7	8	2	2	3	2	1	5	6
SRR4785024	TB	1	3	1	1	6	3	5	1	3	1	5	1	4	6	1	3	1	4	2	6	7	2	1	4	3	6	7	8	2	2	3	2	1	5	6
SRR4785025	TB	1	3	1	1	6	4	5	1	3	1	5	1	3	3	1	2	3	1	1	2	8	1	1	2	5	3	3	7	2	2	2	4	4	6	4
SRR4785026	TB	1	3	1	1	6	4	5	1	3	1	5	1	3	3	1	2	3	1	1	2	8	1	1	2	5	3	3	7	2	2	2	4	4	6	4
SRR4785027	TB	1	1	4	2	5	3	8	1	1	1	3	6	6	6	2	3	1	4	2	6	7	2	2	1	3	6	4	5	1	3	3	2	4	5	6
SRR4785028	TB	1	1	4	2	5	3	8	1	1	1	3	6	6	6	2	3	1	4	2	6	7	2	2	1	3	6	4	5	1	3	3	2	4	5	6
SRR4785029	TB	1	1	4	2	5	3	8	1	1	1	3	6	6	6	2	3	1	4	2	6	7	2	2	1	3	6	7	5	1	3	3	1	4	5	6
SRR4785030	TB	1	1	4	2	5	3	8	1	1	1	3	6	6	6	2	3	1	4	2	6	7	2	2	1	3	6	7	5	1	3	3	1	4	5	6
SRR4785031	TB	1	1	4	2	5	3	1	1	1	1	3	6	6	6	2	3	1	4	2	6	7	2	2	1	3	6	7	5	1	3	1	1	4	5	6
SRR4785032	TB	1	1	4	2	5	3	1	1	1	1	3	6	6	6	2	3	1	4	2	6	7	2	2	1	3	6	7	5	1	3	1	1	4	5	6
SRR4785034	TB	1	1	4	2	5	3	8	1	1	1	3	6	6	6	2	3	1	4	2	6	7	2	2	1	3	6	7	5	1	3	3	2	4	5	6
SRR4785035	TB	1	3	1	1	5	3	1	1	3	3	2	5	3	4	1	2	4	3	1	2	8	1	1	3	1	2	3	3	2	2	2	3	4	3	4
SRR4785036	TB	1	3	1	1	5	3	1	1	3	3	2	5	3	4	1	2	4	3	1	2	8	1	1	3	1	2	3	3	2	2	2	3	4	3	4
SRR4785037	TB	1	3	1	1	5	3	1	1	3	3	2	5	3	4	1	2	4	3	1	2	8	1	1	3	1	2	3	3	2	2	2	3	4	3	4
SRR4785038	TB	1	3	1	1	5	3	1	1	3	3	2	5	3	4	1	2	4	3	1	2	8	1	1	3	1	2	3	3	2	2	2	3	4	3	4
SRR4785039	TB	1	1	4	2	5	3	1	1	1	3	3	1	6	1	1	3	1	4	2	4	1	1	1	4	3	6	7	8	1	2	1	1	6	7	8
SRR4785040	TB	1	1	4	2	5	3	1	1	1	3	3	1	6	1	1	3	1	4	2	4	1	1	1	4	3	6	7	8	1	2	1	1	6	7	8
SRR4785041	TB	1	3	1	1	5	3	1	1	3	3	2	5	3	4	1	2	4	3	1	2	8	1	1	3	1	2	3	3	2	2	2	3	4	3	4
SRR4785042	TB	1	3	1	1	5	3	1	1	3	3	2	5	3	4	1	2	4	3	1	2	8	1	1	3	1	2	3	3	2	2	2	3	4	3	4
SRR4785043	TB	1	1	4	2	5	3	8	1	3	3	2	5	2	4	1	3	1	4	6	1	5	1	1	1	3	5	6	6	2	2	2	1	1	1	2
SRR4785044	TB	1	1	4	2	5	3	8	1	3	3	2	5	2	4	1	3	1	4	2	1	5	1	1	1	3	5	6	6	2	2	2	1	1	5	6
SRR4785045	TB	1	1	4	2	5	3	1	1	3	3	2	5	2	4	1	3	1	1	6	1	5	1	1	3	1	5	6	6	1	2	4	4	3	1	2
SRR4785046	TB	1	1	4	2	5	3	1	1	3	3	2	5	2	4	1	3	1	1	6	1	5	1	1	3	1	5	6	6	2	2	2	1	3	1	2
SRR4785047	TB	1	1	4	2	5	3	8	1	3	3	2	6	6	1	1	3	1	4	6	6	4	1	1	4	4	1	4	8	1	1	3	2	5	2	5
SRR4785048	TB	1	1	4	2	5	3	8	1	3	3	2	5	6	1	1	3	1	4	6	6	4	1	1	4	4	1	4	8	1	1	3	2	5	2	5
SRR4785049	TB	2	2	2	5	2	6	2	2	2	4	1	4	1	2	1	1	3	5	4	7	3	1	3	2	5	3	2	7	2	2	4	4	2	6	3
SRR4785050	TB	2	2	2	5	2	6	2	2	2	4	1	4	1	2	1	1	3	5	4	7	3	1	3	2	5	3	2	7	2	2	4	4	2	6	3
SRR4785051	TB	2	2	2	5	2	6	2	2	2	4	4	4	1	2	1	1	3	3	1	3	2	1	1	3	1	2	3	3	2	2	2	3	3	3	4
SRR4785052	TB	2	2	2	5	2	6	2	2	2	4	4	4	1	2	1	1	3	3	1	3	2	1	1	3	1	2	3	3	2	2	2	3	3	3	4
SRR4785053	TB	2	2	3	4	2	2	2	2	2	4	4	2	7	8	2	1	2	2	5	5	6	2	2	4	4	1	4	4	1	3	3	2	5	2	1
SRR4785054	TB	2	2	2	3	2	5	2	2	2	4	4	2	7	8	2	1	2	2	5	5	6	2	2	4	4	1	4	4	1	3	3	2	5	2	1
SRR4785055	TB	1	3	1	1	5	3	1	1	3	3	2	5	3	7	1	3	3	1	4	7	3	1	3	2	5	3	2	7	2	2	4	4	2	6	3
SRR4785056	TB	1	3	1	1	5	3	1	1	3	3	2	5	3	7	1	3	3	1	4	7	3	1	3	2	5	3	2	7	2	2	4	4	2	6	3
SRR4785057	TB	1	1	4	2	5	3	8	1	3	3	2	5	2	4	1	3	4	3	1	2	8	1	1	3	1	6	3	3	2	2	2	1	4	5	6
SRR4785058	TB	1	3	1	1	5	3	8	1	3	3	2	5	2	4	1	3	4	3	1	2	8	1	1	3	1	6	3	3	2	2	2	1	4	5	6
SRR4785059	TB	1	3	1	1	5	3	1	1	3	2	2	6	2	6	2	3	1	4	2	6	4	2	2	4	4	1	4	8	1	3	3	2	5	2	5
SRR4785060	TB	1	3	1	1	5	3	1	1	3	2	2	6	2	6	2	3	1	4	2	6	4	2	2	4	4	1	4	8	1	3	3	2	5	2	5
SRR4785061	TB	1	3	1	1	5	3	1	1	3	1	5	1	3	7	1	3	3	1	4	5	3	2	2	1	4	1	2	4	1	1	3	2	1	5	1
SRR4785062	TB	1	3	1	1	5	3	1	1	3	1	5	1	3	7	1	3	3	1	4	5	3	2	2	1	4	1	2	4	1	1	3	2	1	5	1
SRR4785063	TB	1	1	4	2	5	1	1	1	3	1	5	1	3	7	1	3	3	1	4	5	3	2	2	1	4	1	2	4	1	1	3	2	1	5	1
SRR4785064	TB	1	1	4	2	5	1	1	1	3	1	5	1	3	7	1	3	3	1	4	5	3	2	2	1	4	1	2	4	1	1	3	2	1	5	1
SRR4785065	TB	1	1	4	2	5	3	1	1	3	3	2	3	2	4	1	2	4	1	6	1	5	1	1	3	2	5	6	6	1	1	2	1	1	1	2
SRR4785066	TB	1	3	1	1	5	3	1	1	3	3	2	3	2	4	1	2	4	1	6	1	5	1	1	3	2	5	6	6	1	1	2	1	1	1	2
SRR4785067	TB	1	1	4	2	5	3	1	1	1	1	3	6	4	6	2	3	1	4	5	6	4	2	2	4	4	1	4	8	1	1	3	2	5	2	5
SRR4785068	TB	1	1	4	2	5	3	1	1	1	1	3	6	4	6	2	3	1	4	5	6	4	2	2	4	4	1	4	8	1	1	3	2	5	2	5
SRR4785069	TB	2	2	3	4	2	2	3	2	2	4	4	2	7	8	2	1	2	2	5	5	6	2	2	4	4	1	4	4	1	1	3	2	5	2	1
SRR4785070	TB	2	2	3	4	2	2	3	2	2	4	4	2	7	8	2	1	2	2	5	5	6	2	2	4	4	1	4	4	1	1	3	2	5	2	1
SRR4785071	TB	2	2	2	3	2	5	3	2	2	4	4	4	1	5	1	1	2	5	3	3	6	1	2	1	2	4	5	2	1	3	4	5	1	4	7
SRR4785072	TB	2	2	3	3	2	5	3	2	2	4	4	4	1	5	1	1	2	5	3	3	6	1	2	1	2	4	5	2	1	3	4	5	1	4	7
SRR4785073	TB	2	2	3	3	2	5	3	2	2	2	4	2	7	8	2	1	2	2	5	5	4	2	2	4	4	1	4	4	1	1	3	2	5	2	1
SRR4785074	TB	2	2	3	3	2	5	3	2	2	2	4	2	7	8	2	1	2	2	5	5	4	2	2	4	4	1	4	4	1	1	3	2	5	2	1
SRR4785075	TB	2	2	3	4	2	2	3	2	2	4	4	2	7	8	2	1	2	2	5	5	6	1	2	4	4	1	4	4	1	1	3	5	5	2	1
SRR4785076	TB	2	2	2	4	2	2	3	2	2	4	4	2	7	8	2	1	2	2	5	5	6	1	2	4	4	1	4	4	1	1	3	5	5	2	1
SRR4785077	TB	2	2	2	4	2	2	2	2	2	4	1	4	5	2	1	1	3	5	4	7	3	1	3	2	5	3	2	7	2	2	4	4	2	6	3
SRR4785078	TB	2	2	2	4	2	2	3	2	2	4	1	4	5	2	1	1	3	5	4	7	3	1	3	2	5	3	2	7	2	2	4	4	2	6	3
SRR4785079	TB	2	2	2	4	2	2	3	2	2	4	1	4	5	2	1	1	3	5	1	3	2	1	1	2	2	2	3	7	2	2	4	3	3	3	4
SRR4785080	TB	2	2	2	4	2	2	3	2	2	4	1	4	5	2	1	1	3	5	1	3	2	1	1	2	2	2	3	7	2	2	4	3	3	3	4
SRR4785081	TB	2	2	2	5	2	6	2	2	2	4	1	4	5	2	1	1	3	5	3	3	2	1	1	2	2	4	3	7	2	2	4	5	3	4	7
SRR4785082	TB	2	2	2	5	2	6	3	2	2	4	1	4	5	2	1	1	3	5	3	3	2	1	1	2	2	4	3	7	2	2	4	5	3	4	7
SRR4785083	TB	2	2	2	5	2	6	3	2	2	4	1	4	5	2	1	1	3	5	1	7	2	1	1	2	2	2	3	3	2	2	4	3	3	3	4
SRR4785084	TB	2	2	2	5	2	6	2	2	2	4	1	4	5	2	1	1	3	5	1	7	2	1	1	2	2	2	3	3	2	2	4	3	3	3	4
SRR4785085	TB	1	1	4	2	5	3	1	1	1	1	2	6	2	6	2	3	1	4	2	2	5	1	1	3	3	6	6	6	2	2	1	1	4	3	6
SRR4785086	TB	1	3	1	1	5	3	1	1	1	1	2	6	2	4	2	3	1	4	2	2	5	1	1	3	3	6	6	6	2	2	1	1	4	3	6
SRR4785087	TB	1	3	1	1	5	3	1	1	1	1	3	6	6	1	2	3	1	4	2	6	8	1	1	3	3	2	3	3	2	2	2	3	4	3	4
SRR4785088	TB	1	3	1	1	5	3	1	1	1	1	3	6	6	1	2	3	1	4	2	6	8	1	1	3	3	2	3	3	2	2	2	3	4	3	4
SRR4785089	TB	1	3	1	1	5	3	1	1	1	1	3	6	6	6	2	3	1	4	2	6	7	2	2	4	3	6	7	8	2	1	1	1	6	7	8
SRR4785090	TB	1	3	1	1	5	3	1	1	1	1	3	6	6	6	2	3	1	4	2	6	7	2	2	4	3	6	7	8	2	1	1	1	6	7	8
SRR4785091	TB	1	3	1	1	5	3	1	1	1	1	3	6	3	3	2	3	1	4	2	4	1	2	3	4	3	6	7	1	2	1	1	1	6	7	8
SRR4785092	TB	1	3	1	1	5	3	1	1	1	1	3	6	3	3	2	3	1	4	2	4	7	2	3	4	3	6	7	1	2	1	1	1	6	7	8
SRR4785093	TB	1	3	1	1	5	4	5	1	3	1	5	1	3	7	1	3	3	1	1	7	8	1	3	1	1	2	3	7	2	2	2	3	3	3	4
SRR4785094	TB	1	3	1	1	5	4	5	1	3	1	5	1	3	7	1	3	3	1	1	7	8	1	3	1	1	2	3	7	2	2	2	3	3	3	4
SRR4785095	TB	1	3	1	1	5	3	1	1	1	1	5	1	3	7	1	3	3	1	1	7	8	1	1	3	1	2	3	7	2	2	2	3	3	3	4
SRR4785096	TB	1	3	1	1	5	3	1	1	1	1	5	1	3	7	1	3	3	1	1	7	8	1	1	3	1	2	3	7	2	2	2	3	3	3	4
SRR4785097	TB	1	3	1	1	5	1	1	1	1	1	3	6	4	1	2	3	1	4	2	6	7	2	2	4	3	6	7	8	2	3	1	1	1	5	6
SRR4785098	TB	1	3	1	1	5	1	1	1	1	1	3	6	4	1	1	3	1	4	2	6	7	2	2	4	3	6	7	8	2	3	1	1	1	5	6
SRR4785099	TB	1	3	1	1	5	3	1	1	3	1	5	1	3	7	1	3	3	1	1	7	8	1	3	1	1	2	3	7	2	2	2	3	3	3	4
SRR4785100	TB	1	3	1	1	5	3	1	1	3	1	5	1	3	7	1	3	3	1	1	7	8	1	3	1	1	2	3	7	2	2	2	3	3	3	4
SRR4785101	TB	1	3	1	1	5	3	1	1	1	1	3	6	4	6	2	3	1	4	2	4	7	2	2	4	3	6	7	8	2	1	1	2	6	7	8
SRR4785102	TB	1	1	4	2	5	3	1	1	1	1	3	6	4	6	2	3	1	4	2	4	7	2	2	4	3	6	7	8	2	1	1	2	6	7	8
SRR4785103	TB	1	1	4	2	5	3	1	1	1	1	3	6	4	6	2	3	1	4	2	4	7	2	2	4	3	6	7	8	2	1	1	1	6	7	8
SRR4785104	TB	1	3	1	1	5	3	1	1	1	1	3	6	4	6	2	3	1	4	2	4	7	2	2	4	3	6	7	8	2	1	1	1	6	7	8
SRR4785105	TB	1	3	1	2	5	3	1	1	1	1	3	6	4	6	2	3	1	4	2	4	7	2	2	4	3	6	7	8	2	1	1	2	1	5	6
SRR4785106	TB	1	3	1	1	5	3	1	1	1	1	3	6	4	6	2	3	1	4	2	4	7	2	2	4	3	6	7	8	2	1	1	2	1	5	6
SRR4785107	TB	1	1	4	2	5	3	1	1	1	1	3	6	4	6	2	3	1	4	2	4	7	2	2	4	3	6	7	8	2	1	1	2	6	7	8
SRR4785108	TB	1	1	4	2	5	3	1	1	1	1	3	6	4	6	2	3	1	4	2	4	7	2	2	4	3	6	7	8	2	1	1	2	6	7	8
SRR4785109	TB	1	1	4	2	3	1	7	1	1	1	3	6	6	1	2	3	1	4	2	6	7	2	2	1	3	6	7	6	2	3	1	1	4	5	6
SRR4785110	TB	1	1	4	2	3	1	7	1	1	1	3	6	6	1	2	3	1	4	2	6	7	2	2	1	3	6	7	6	2	3	1	1	4	5	6
SRR4785111	TB	1	1	4	2	3	1	7	1	1	1	3	6	6	1	2	3	1	4	2	6	7	2	2	1	3	6	7	6	2	3	1	1	4	5	6
SRR4785112	TB	1	1	4	2	3	1	7	1	1	1	3	6	6	1	2	3	1	4	2	6	7	2	2	1	3	6	7	6	2	3	1	1	4	5	6
SRR4785113	TB	1	1	4	2	1	1	7	1	1	1	3	6	6	1	2	3	1	4	2	6	7	2	2	1	3	6	7	6	2	3	1	1	4	5	6
SRR4785114	TB	1	1	4	2	3	1	7	1	1	1	3	6	6	1	2	3	1	4	2	6	7	2	2	1	3	6	7	6	2	3	1	1	4	5	6
SRR4785115	TB	1	1	4	2	3	1	7	1	1	1	3	6	6	1	2	3	1	4	2	6	7	2	2	1	3	6	7	6	2	3	1	1	4	5	6
SRR4785116	TB	1	1	4	2	3	1	7	1	1	1	3	6	6	1	2	3	1	4	2	6	7	2	2	1	3	6	7	6	2	3	1	1	4	5	6
SRR4785117	TB	2	2	2	5	2	6	2	2	2	4	4	2	7	8	2	1	2	2	5	5	6	2	2	4	4	4	1	8	2	1	1	5	6	7	5
SRR4785118	TB	2	2	2	5	2	6	2	2	2	4	4	2	7	8	2	1	2	2	5	5	6	2	2	4	4	4	1	8	2	1	1	5	6	7	5
SRR4785119	TB	2	2	2	5	2	6	2	2	2	4	4	2	7	8	1	1	4	3	1	3	2	1	1	3	1	2	3	3	2	2	2	3	3	3	4
SRR4785120	TB	2	2	2	5	2	6	2	2	2	4	4	2	7	8	1	1	4	3	1	3	2	1	1	3	1	2	3	3	2	2	2	3	3	3	4
SRR4785121	TB	2	2	2	5	2	6	2	2	2	4	1	2	7	8	1	1	2	2	4	5	6	2	2	1	4	4	5	4	2	2	2	5	1	3	1
SRR4785122	TB	2	2	2	4	2	2	2	2	2	4	1	2	7	8	1	1	2	2	4	5	6	2	2	1	4	4	5	4	2	2	2	5	1	3	1
SRR4785123	TB	2	2	2	5	2	6	2	2	2	4	4	2	7	8	2	1	2	2	3	3	2	2	2	4	4	4	1	2	1	1	1	5	6	7	7
SRR4785124	TB	2	2	2	5	2	6	2	2	2	4	4	2	7	8	2	1	2	2	3	3	2	2	2	4	4	4	1	2	1	1	1	5	6	7	7
SRR4785125	TB	2	2	3	4	2	2	3	2	2	4	1	2	5	2	2	1	2	5	3	3	2	2	2	4	1	4	1	2	2	2	2	5	3	4	8
SRR4785126	TB	2	2	3	4	2	2	3	2	2	4	1	2	5	2	2	1	2	5	3	3	2	2	2	4	1	4	1	2	2	2	2	5	3	4	8
SRR4785127	TB	2	2	3	4	2	2	3	2	2	4	4	2	1	2	1	1	2	3	3	3	2	2	2	3	1	2	1	3	2	2	2	5	3	1	2
SRR4785128	TB	2	2	3	4	2	2	3	2	2	4	4	2	1	2	1	1	2	3	3	3	2	2	2	3	1	2	1	3	2	2	2	5	3	1	2
SRR4785129	TB	2	2	2	4	2	2	3	2	2	4	1	2	5	2	2	1	2	2	4	5	6	2	2	4	4	4	2	4	2	2	2	5	3	4	1
SRR4785130	TB	2	2	2	4	2	2	3	2	2	4	1	2	5	2	2	1	2	2	4	5	6	2	2	4	4	4	2	4	2	2	2	5	3	4	1
SRR4785131	TB	2	2	2	4	2	2	3	2	2	4	4	2	7	8	1	1	2	2	3	3	6	2	2	4	2	4	1	2	2	2	2	5	3	4	7
SRR4785132	TB	2	2	2	4	2	2	6	2	2	4	4	2	7	8	1	1	2	2	3	3	6	2	2	4	2	4	1	2	2	2	2	5	3	4	7
SRR4785133	TB	1	1	4	2	3	1	7	1	1	2	3	6	4	1	1	3	1	4	6	6	7	1	1	1	3	6	7	5	1	3	1	1	4	5	6
SRR4785134	TB	1	1	4	2	3	1	7	1	1	2	3	6	4	1	1	3	1	4	6	6	7	1	1	1	3	6	7	5	1	3	1	1	4	5	6
SRR4785135	TB	1	1	4	2	3	1	7	1	1	2	3	6	4	1	1	3	1	4	6	6	7	1	1	1	3	6	7	5	1	3	1	1	4	5	6
SRR4785136	TB	1	1	4	2	3	1	7	1	1	2	3	6	4	1	1	3	1	4	6	6	7	1	1	1	3	6	7	5	1	3	1	1	4	5	6
SRR4785137	TB	1	1	4	2	3	1	7	1	1	2	3	6	4	1	1	3	1	4	2	6	7	1	1	4	3	1	4	8	1	3	3	2	5	2	5
SRR4785138	TB	1	1	4	2	3	1	7	1	1	2	3	6	4	1	1	3	1	4	2	6	7	1	1	4	3	1	4	8	1	3	3	2	5	2	5
SRR4785139	TB	1	1	4	2	3	1	7	1	1	1	3	6	4	1	1	3	1	4	6	6	7	1	1	1	3	6	7	5	1	3	1	1	4	5	6
SRR4785140	TB	1	1	4	2	3	1	7	1	1	1	3	6	4	1	1	3	1	4	6	6	7	1	1	1	3	6	7	5	1	3	1	1	4	5	6
