method	type	comparison	chi2	dof	p_value	adj_p_BH	ARI	pct_cells_expected_lt5
PAM	k vs k	5000 genes (k=2) vs 5000 genes (k=3)	696.564385245639	2	5.5330627908303e-152	4.03123146189064e-151	0.711356444476375	0
PAM	k vs k	5000 genes (k=3) vs 5000 genes (k=4)	1530.84705882353	6	0	0	0.700456633645156	0
PAM	k vs k	5000 genes (k=4) vs 5000 genes (k=5)	1582.76470753592	12	0	0	0.550794313224991	0
PAM	k vs k	5000 genes (k=5) vs 5000 genes (k=6)	2892.31185915777	20	0	0	0.775869283033175	0
PAM	k vs k	5000 genes (k=6) vs 5000 genes (k=7)	3771.89969302785	30	0	0	0.875849281521982	0
PAM	k vs k	5000 genes (k=7) vs 5000 genes (k=8)	4575.53508526868	42	0	0	0.87236098814751	0
PAM	gene count vs gene count	10 genes (k=2) vs 100 genes (k=2)	691.597272267207	1	2.0088531872928e-152	1.70752520919888e-151	0.84951503323525	0
PAM	gene count vs gene count	10 genes (k=2) vs 1000 genes (k=2)	6.91150093931619	1	0.00856430691782205	0.00856430691782205	0.01566760937271	0
PAM	gene count vs gene count	10 genes (k=2) vs 5000 genes (k=2)	75.1165263398544	1	4.43736462637254e-18	1.131527979725e-17	0.104423076959648	0
PAM	gene count vs gene count	10 genes (k=2) vs 10000 genes (k=2)	45.3039020847161	1	1.68712654525842e-11	3.58514390867414e-11	0.0623655093513024	0
PAM	gene count vs gene count	100 genes (k=2) vs 1000 genes (k=2)	25.7299745380589	1	3.9268045100174e-07	4.88456170758262e-07	0.0404282876883336	0
PAM	gene count vs gene count	100 genes (k=2) vs 5000 genes (k=2)	105.481991480217	1	9.57642795476015e-25	2.87292838642804e-24	0.139118626519241	0
PAM	gene count vs gene count	100 genes (k=2) vs 10000 genes (k=2)	73.0959499559934	1	1.2349768115105e-17	2.99922939938265e-17	0.0956720290526629	0
PAM	gene count vs gene count	1000 genes (k=2) vs 5000 genes (k=2)	412.165235352459	1	1.23826425230022e-91	7.01683076303461e-91	0.516083408564929	0
PAM	gene count vs gene count	1000 genes (k=2) vs 10000 genes (k=2)	390.806642769551	1	5.52421551900178e-87	2.81734991469091e-86	0.481780940552	0
PAM	gene count vs gene count	5000 genes (k=2) vs 10000 genes (k=2)	669.566779082081	1	1.241132608554e-147	7.91222037953177e-147	0.82276760653384	0
PAM	clusters vs groups	10 genes, k=2 vs TB/Healthy	20.3659615384615	1	6.3957366300107e-06	7.32676209234688e-06	0.0404765696467992	0
PAM	clusters vs groups	10 genes, k=3 vs TB/Healthy	36.7111313019901	2	1.06728185394053e-08	1.55518213002764e-08	0.00316217965194769	0
PAM	clusters vs groups	10 genes, k=4 vs TB/Healthy	44.9868179197819	3	9.31258111291709e-10	1.75904309910656e-09	0.0225523861697196	0
PAM	clusters vs groups	10 genes, k=5 vs TB/Healthy	44.8413994560503	4	4.28956935312995e-09	6.83650115655086e-09	0.00166599580286057	0
PAM	clusters vs groups	10 genes, k=6 vs TB/Healthy	45.891779872534	5	9.55470151135425e-09	1.43320522670314e-08	-0.00954985875812499	0
PAM	clusters vs groups	10 genes, k=7 vs TB/Healthy	46.2321568312215	6	2.66160853943351e-08	3.6687036624624e-08	-0.001739066536429	0
PAM	clusters vs groups	10 genes, k=8 vs TB/Healthy	46.5476151508625	7	6.83881200226507e-08	8.94306184911587e-08	0.00164670362193035	0
PAM	clusters vs groups	100 genes, k=2 vs TB/Healthy	14.9449645748988	1	0.000110693087409603	0.000117611405372703	0.0252048450284004	0
PAM	clusters vs groups	100 genes, k=3 vs TB/Healthy	34.5991660860306	2	3.06822034379372e-08	4.11787467193367e-08	-0.00333821888724036	0
PAM	clusters vs groups	100 genes, k=4 vs TB/Healthy	42.6187809307911	3	2.96512827106612e-09	4.87811425239911e-09	-0.00967091593814172	0
PAM	clusters vs groups	100 genes, k=5 vs TB/Healthy	32.8870689895787	4	1.25979010922521e-06	1.52974513263062e-06	-0.000605891181134869	0
PAM	clusters vs groups	100 genes, k=6 vs TB/Healthy	34.3537899173592	5	2.02440314767402e-06	2.40103629142733e-06	-0.00335670956468846	0
PAM	clusters vs groups	100 genes, k=7 vs TB/Healthy	43.9214088332047	6	7.66215049246782e-08	9.76924187789647e-08	-0.00240549525639315	0
PAM	clusters vs groups	100 genes, k=8 vs TB/Healthy	54.3147241595391	7	2.03774094305063e-09	3.46415960318607e-09	0.0064202313658293	6.25
PAM	clusters vs groups	1000 genes, k=2 vs TB/Healthy	41.7909631061162	1	1.01571791088139e-10	2.07206453819803e-10	-0.0339711742075787	0
PAM	clusters vs groups	1000 genes, k=3 vs TB/Healthy	16.1253227974711	2	0.00031508711597109	0.000327947814582155	-0.0244405181456848	0
PAM	clusters vs groups	1000 genes, k=4 vs TB/Healthy	26.1944314157092	3	8.6839279128382e-06	9.6278331207554e-06	0.0055955160681534	0
PAM	clusters vs groups	1000 genes, k=5 vs TB/Healthy	143.418204344861	4	5.2326466197231e-30	2.22387481338232e-29	0.0273590799741596	0
PAM	clusters vs groups	1000 genes, k=6 vs TB/Healthy	151.197424609279	5	7.4236937649687e-31	3.44189438194003e-30	0.0279089331253566	0
PAM	clusters vs groups	1000 genes, k=7 vs TB/Healthy	130.10674195935	6	1.22050470868104e-25	4.14971600951555e-25	0.0231766077259568	0
PAM	clusters vs groups	1000 genes, k=8 vs TB/Healthy	72.4701289087607	7	4.6742036363948e-13	1.03645384980928e-12	0.0151350913163771	0
PAM	clusters vs groups	5000 genes, k=2 vs TB/Healthy	20.3454122240155	1	6.46479008148255e-06	7.32676209234688e-06	-0.014268838227502	0
PAM	clusters vs groups	5000 genes, k=3 vs TB/Healthy	13.0493136181889	2	0.00146682246080022	0.00149615891001623	-0.0252561587670254	0
PAM	clusters vs groups	5000 genes, k=4 vs TB/Healthy	115.37917516095	3	7.62869995910888e-25	2.43164811196596e-24	0.0388295171530038	0
PAM	clusters vs groups	5000 genes, k=5 vs TB/Healthy	44.2604843011854	4	5.66419413842378e-09	8.75375457756403e-09	0.0127498722821589	0
PAM	clusters vs groups	5000 genes, k=6 vs TB/Healthy	52.2463123579694	5	4.80231139170391e-10	9.41991849911152e-10	0.00795747020625407	0
PAM	clusters vs groups	5000 genes, k=7 vs TB/Healthy	140.175402371498	6	9.20328778001116e-28	3.61052059061976e-27	0.02250737088947	0
PAM	clusters vs groups	5000 genes, k=8 vs TB/Healthy	141.933075338472	7	2.00001164758282e-27	7.28575671619457e-27	0.0160591597487479	0
PAM	clusters vs groups	10000 genes, k=2 vs TB/Healthy	15.5092897430544	1	8.21007781826473e-05	8.90880784535109e-05	-0.00753039757928674	0
PAM	clusters vs groups	10000 genes, k=3 vs TB/Healthy	64.2980935427162	2	1.09105435901919e-14	2.52926237772631e-14	0.0551531522227243	0
PAM	clusters vs groups	10000 genes, k=4 vs TB/Healthy	38.7702876939518	3	1.94144877998757e-08	2.75038577164906e-08	0.010124166966553	0
PAM	clusters vs groups	10000 genes, k=5 vs TB/Healthy	47.3927700298439	4	1.26306044345787e-09	2.22124422815004e-09	0.0104331869347384	0
PAM	clusters vs groups	10000 genes, k=6 vs TB/Healthy	50.4427842942363	5	1.12478613319053e-09	2.0487175997399e-09	0.00451561103907474	0
PAM	clusters vs groups	10000 genes, k=7 vs TB/Healthy	117.11116946037	6	6.58521690891478e-23	1.86581145752586e-22	0.015668529340718	0
PAM	clusters vs groups	10000 genes, k=8 vs TB/Healthy	111.822627647727	7	3.84324480739227e-21	1.03160781672108e-20	0.0177132454115692	0
