genes	k	avg_silhouette	cluster_sizes
10	2	0.340936310210947	325/494
10	3	0.248131629609853	325/276/218
10	4	0.195821926430251	140/185/276/218
10	5	0.199628166188567	140/185/207/205/82
10	6	0.197602435394024	140/185/143/201/83/67
10	7	0.205463262277371	122/102/101/143/201/83/67
10	8	0.19999104426976	122/102/101/151/129/81/63/70
100	2	0.114176921156119	351/468
100	3	0.100298638353656	294/218/307
100	4	0.0969041826244286	258/155/160/246
100	5	0.0936970345508672	199/109/142/127/242
100	6	0.0730124847556241	199/109/119/127/161/104
100	7	0.0716293000712467	174/86/61/124/111/161/102
100	8	0.0693111305301735	132/85/61/124/111/158/102/46
1000	2	0.0740069327837207	505/314
1000	3	0.0721272737121066	411/178/230
1000	4	0.0528822715198662	184/169/203/263
1000	5	0.0453542451181484	126/276/144/116/157
1000	6	0.0415383755871226	94/243/151/90/107/134
1000	7	0.0357833878960143	89/234/73/84/93/112/134
1000	8	0.0336922607639223	94/184/75/85/88/103/134/56
5000	2	0.0420594947708544	470/349
5000	3	0.0336012568968768	429/238/152
5000	4	0.0207275164313588	145/308/214/152
5000	5	0.0213194058026733	102/251/160/162/144
5000	6	0.0182639870791975	102/203/157/125/123/109
5000	7	0.0149729143159936	78/176/149/119/119/109/69
5000	8	0.0146138547536575	78/171/114/101/77/115/94/69
10000	2	0.0359754706167481	452/367
10000	3	0.0155848420031492	127/328/364
10000	4	0.0175105248544085	166/255/231/167
10000	5	0.0112585064046991	121/192/168/176/162
10000	6	0.0129865127079239	121/144/167/165/123/99
10000	7	0.00977609368182226	88/139/136/156/117/99/84
10000	8	0.00950677619520582	78/111/124/156/112/98/65/75
