Ensembl	symbol	mean_TB	mean_Healthy	log2FoldChange	t_statistic	pvalue	padj	direction
ENSG00000163754	GYG1	3.5882491836060466	2.9491985093078545	0.6390506742981921	14.567089335827108	8.870482958641353e-27	1.656651397355859e-22	Higher in TB
ENSG00000108950	FAM20A	2.183043178753871	1.3225387885311446	0.8605043902227263	15.083327217494856	4.647094117182413e-26	4.339456486624937e-22	Higher in TB
ENSG00000119686	FLVCR2	2.4883086584177083	1.9558415565084133	0.5324671019092948	13.97877986670538	1.6550918519919482e-23	1.0303498475933876e-19	Higher in TB
ENSG00000108861	DUSP3	3.479530725428299	2.729860507410343	0.7496702180179562	15.288044760258751	2.9382806138293397e-22	1.3718832185969189e-18	Higher in TB
ENSG00000173369	C1QB	2.591243444728738	1.681886775870245	0.9093566688584928	11.998409799209815	1.0790612840052817e-21	3.9915914150425624e-18	Higher in TB
ENSG00000173372	C1QA	2.67190932213876	1.8224221122550677	0.8494872098836925	11.580330852498111	1.626099850332955e-20	4.338434400688325e-17	Higher in TB
ENSG00000082014	SMARCD3	3.5036150325973026	2.6436613015320845	0.8599537310652181	14.728294215014682	2.458648619732379e-20	5.739715202765239e-17	Higher in TB
ENSG00000166278	C2	2.305045151336349	1.709895847188455	0.5951493041478937	10.900836847201385	5.0777257092003525e-18	6.7736860960732695e-15	Higher in TB
ENSG00000152518	ZFP36L2	4.630966270814361	5.188762538701679	-0.5577962678873183	-11.735868413649015	2.5471523999502425e-17	3.1713745480980484e-14	Lower in TB
ENSG00000136861	CDK5RAP2	3.193733379413464	2.623294528604938	0.5704388508085256	9.943699142902297	5.732364799778752e-17	5.097983095269904e-14	Higher in TB
ENSG00000159189	C1QC	2.1150309279315005	1.3778730386544016	0.7371578892770989	10.460658265711226	7.039832254429485e-17	5.97617759926023e-14	Higher in TB
ENSG00000183019	MCEMP1	2.93710285283759	2.167047582956805	0.7700552698807854	10.217097300227454	1.0781739105483162e-16	8.754772153652329e-14	Higher in TB
ENSG00000091106	NLRC4	3.100373133756714	2.582207914938411	0.5181652188183028	11.57116188594285	1.263412970952864e-16	9.499006610382685e-14	Higher in TB
ENSG00000112053	SLC26A8	2.416445905384623	1.833062750394664	0.5833831549899586	11.381237547423288	2.970736496355649e-16	1.9814812430692177e-13	Higher in TB
ENSG00000198216	CACNA1E	2.424947363259783	1.879638136725693	0.5453092265340902	11.626079049276234	3.159790813605706e-16	2.034905283962075e-13	Higher in TB
ENSG00000127528	KLF2	5.222746334924243	5.814158969554724	-0.5914126346304807	-12.78956163680009	8.56643760029394e-16	4.210178647976043e-13	Lower in TB
ENSG00000197646	PDCD1LG2	1.9728381571012008	1.3993924764008607	0.5734456807003401	10.4634820584917	1.893119885926084e-15	8.838976747388885e-13	Higher in TB
ENSG00000277734	TRAC	4.489114040901389	5.305113032908205	-0.8159989920068158	-11.165264678583371	2.5993259835586946e-15	1.1077962143460305e-12	Lower in TB
ENSG00000184678	H2BC21	3.335110643172872	2.778262884844289	0.5568477583285825	10.157725347267425	4.776719019266199e-15	1.8980852000811813e-12	Higher in TB
ENSG00000170439	TMT1B	1.5796384974907245	0.8752385228410559	0.7043999746496686	11.375076987269647	9.815436786672962e-15	3.273448168355433e-12	Higher in TB
ENSG00000180096	SEPTIN1	3.646257948621354	4.166536073068538	-0.520278124447183	-10.433264775201232	1.0226103316350474e-14	3.292805267864853e-12	Lower in TB
ENSG00000108387	SEPTIN4	2.467902792020617	1.6686687667436986	0.7992340252769186	9.6429103395175	2.056992128902232e-14	5.7054615707118726e-12	Higher in TB
ENSG00000196405	EVL	4.637169473652432	5.308475009992286	-0.6713055363398537	-10.519988957466506	3.083528279059137e-14	7.478957680481616e-12	Lower in TB
ENSG00000197903	H2BC12	2.939869352155932	2.3568867701636376	0.5829825819922942	10.220128324380529	3.5768354996861376e-14	8.45582022685295e-12	Higher in TB
ENSG00000105640	RPL18A	5.902256450048948	6.422321782413103	-0.5200653323641546	-9.986371119915416	4.676353379647744e-14	1.0782169841765588e-11	Lower in TB
ENSG00000110080	ST3GAL4	3.18191665560298	2.652544909936553	0.5293717456664266	10.05959870036046	4.892310224717112e-14	1.1142534848392291e-11	Higher in TB
ENSG00000183621	ZNF438	2.852444581224681	2.317924260024718	0.5345203211999636	10.99860291871391	5.33172093464453e-14	1.185419287802634e-11	Higher in TB
ENSG00000073849	ST6GAL1	3.7212868131118464	4.300558447243221	-0.5792716341313744	-11.276955458636856	5.745870114170994e-14	1.2624690617912644e-11	Lower in TB
ENSG00000257017	HP	2.492785262503603	1.7796659406074402	0.7131193218961627	9.221922760081744	6.889967590188684e-14	1.445809378813077e-11	Higher in TB
ENSG00000106683	LIMK1	3.695744852801552	3.1345572607977354	0.5611875920038165	10.413451570917108	1.9053503960383746e-13	3.3373830582949176e-11	Higher in TB
ENSG00000161405	IKZF3	3.31479341765177	3.9721287187978014	-0.6573353011460314	-11.104093138170247	4.905994092614912e-13	7.635362139473006e-11	Lower in TB
ENSG00000170525	PFKFB3	3.661342021645566	3.0985415665785587	0.5628004550670074	9.007124305976445	6.660008997934884e-13	9.717369378549366e-11	Higher in TB
ENSG00000211751	TRBC1	4.180312670290671	4.820197993779906	-0.639885323489235	-9.663625092141002	6.866324434102193e-13	9.940734506301746e-11	Lower in TB
ENSG00000112062	MAPK14	4.684425811436993	4.056059549226943	0.6283662622100499	9.74526761610598	7.307452891205745e-13	1.0360130829551075e-10	Higher in TB
ENSG00000163568	AIM2	2.513646658936699	1.9172532943312623	0.5963933646054367	9.741330978414316	7.937344526189142e-13	1.0980581212674695e-10	Higher in TB
ENSG00000161944	ASGR2	2.6531707858616773	2.138548239803328	0.5146225460583493	9.52409236768946	8.541362584219472e-13	1.1559310697310351e-10	Higher in TB
ENSG00000187554	TLR5	3.1037422889756567	2.4096083609006307	0.694133928075026	10.334054143690704	8.617293048719587e-13	1.1578170142294027e-10	Higher in TB
ENSG00000213626	LBH	3.865402141675178	4.622125431067673	-0.7567232893924944	-10.278763298420545	1.3568618155688948e-12	1.6348871785525595e-10	Lower in TB
ENSG00000167895	TMC8	4.365829033591753	4.898847346226788	-0.5330183126350345	-9.835587494797132	1.729474744106525e-12	1.945763272345389e-10	Lower in TB
ENSG00000137767	SQOR	4.25477463879926	3.686264337113165	0.5685103016860951	10.95709504968247	1.8960389249421978e-12	2.0829660566012052e-10	Higher in TB
ENSG00000162894	FCMR	3.944904442508622	4.748013909965869	-0.8031094674572472	-9.940484512550585	1.993732070990452e-12	2.1398005490185368e-10	Lower in TB
ENSG00000100242	SUN2	5.251225041947079	5.7539060445145	-0.5026810025674209	-9.973831783227132	2.2733205811740084e-12	2.354634272906815e-10	Lower in TB
ENSG00000158869	FCER1G	5.315530985171943	4.536816914363236	0.7787140708087072	10.435376912914508	2.3898868129226083e-12	2.4389904982591603e-10	Higher in TB
ENSG00000127152	BCL11B	2.8352945659668256	3.3767317933744065	-0.5414372274075809	-10.471721077105697	3.173529716545437e-12	3.1194126834843463e-10	Lower in TB
ENSG00000115607	IL18RAP	3.58749839089442	2.861407901180828	0.7260904897135925	8.656259783271915	3.2358471860780977e-12	3.163308876993733e-10	Higher in TB
ENSG00000113368	LMNB1	3.699439652017748	2.986671871978149	0.7127677800395982	9.721659595459233	3.6050460431563467e-12	3.435093872550405e-10	Higher in TB
ENSG00000075399	VPS9D1	3.706901066886396	3.012038861638396	0.6948622052480005	10.197878902133134	3.653055065341921e-12	3.4629887265535246e-10	Higher in TB
ENSG00000168899	VAMP5	3.101779830242134	2.3555435481673745	0.7462362820747597	9.231081529143902	4.357862100451767e-12	3.989580028825353e-10	Higher in TB
ENSG00000170989	S1PR1	3.1682448748673737	3.8024243224639824	-0.6341794475966087	-10.53175623319404	4.502534553735404e-12	4.0820065692020577e-10	Lower in TB
ENSG00000104964	TLE5	5.150496824073649	5.688455554708399	-0.5379587306347497	-9.208941276180605	4.608197965939178e-12	4.137630058263465e-10	Lower in TB
ENSG00000182866	LCK	4.058806975320639	4.632710209742402	-0.5739032344217634	-9.377209158219555	4.785874441788213e-12	4.2160844846621067e-10	Lower in TB
ENSG00000099991	CABIN1	3.835351567681846	4.337657498613864	-0.5023059309320179	-9.139899156720237	6.268498187704925e-12	5.143731545578572e-10	Lower in TB
ENSG00000211772	TRBC2	4.631619503299977	5.343328913763653	-0.7117094104636754	-9.21671538555253	8.334206840318835e-12	6.48540195624144e-10	Lower in TB
ENSG00000143515	ATP8B2	3.2847391874941456	3.816640858595639	-0.531901671101493	-9.74897456322508	8.947582314282721e-12	6.820614175573229e-10	Lower in TB
ENSG00000013725	CD6	3.8871252701795904	4.494732313048992	-0.6076070428694016	-9.02048941599393	1.2321992021887944e-11	9.060059960660599e-10	Lower in TB
ENSG00000145685	LHFPL2	2.69911338575948	2.0845112093215925	0.6146021764378875	9.857729073917616	1.2494687830581876e-11	9.151011369566551e-10	Higher in TB
ENSG00000115085	ZAP70	4.084546902660883	4.6810281050289735	-0.5964812023680901	-9.26248597344954	1.2650450663682011e-11	9.157357232361443e-10	Lower in TB
ENSG00000160654	CD3G	2.6833680006431893	3.184333581560452	-0.5009655809172626	-10.110303002143452	1.3488752827538784e-11	9.591480947540412e-10	Lower in TB
ENSG00000167106	EEIG1	3.660074561530831	4.323003878657625	-0.6629293171267938	-8.974123910399445	1.440205762440817e-11	9.961956599757295e-10	Lower in TB
ENSG00000090339	ICAM1	3.4900925699655883	2.9583562725166157	0.531736297448973	9.632460504414162	1.6306453161199388e-11	1.088441729858663e-09	Higher in TB
ENSG00000188042	ARL4C	3.628427063654993	4.237813187313351	-0.6093861236583575	-9.582476471185446	1.8798959685501805e-11	1.2190603162723324e-09	Lower in TB
ENSG00000198019		3.894504702112578	2.554053659327556	1.3404510427850225	10.308320055942149	2.024619126773929e-11	1.3028513680219736e-09	Higher in TB
ENSG00000204397	CARD16	2.5727113815221525	2.065399966654442	0.5073114148677105	9.516229444207896	2.1593058220554263e-11	1.367023577379903e-09	Higher in TB
ENSG00000198851	CD3E	4.63692320563092	5.3190071005409205	-0.6820838949100008	-8.999179917842824	2.2746301270164677e-11	1.411328646251148e-09	Lower in TB
ENSG00000213402	PTPRCAP	4.278808034002335	4.852688760933834	-0.5738807269314989	-9.213664713543649	2.307714444805936e-11	1.4224051145609126e-09	Lower in TB
ENSG00000105373	NOP53	5.031305581476063	5.64429362606689	-0.6129880445908276	-9.06080918792784	2.3610360804057742e-11	1.4363097666989656e-09	Lower in TB
ENSG00000134954	ETS1	4.297972145925246	5.107220594626338	-0.8092484487010925	-9.556090318205118	2.4171439743909855e-11	1.4561926558945206e-09	Lower in TB
ENSG00000107742	SPOCK2	4.338830628960932	5.1082812717459065	-0.7694506427849745	-9.39148871590754	2.5178779291201923e-11	1.5023606455031535e-09	Lower in TB
ENSG00000145365	TIFA	2.849940665515479	2.2362439308374524	0.6136967346780264	9.03209234349843	2.7403234349966068e-11	1.5943389555139136e-09	Higher in TB
ENSG00000097033	SH3GLB1	4.145681066402792	3.636951874991238	0.5087291914115544	8.951333126882721	2.8683719878318572e-11	1.6482989306076235e-09	Higher in TB
ENSG00000183762	KREMEN1	3.9747309219108464	2.8588107089411405	1.115920212969706	9.422568349567424	3.824677357066704e-11	2.058492055348062e-09	Higher in TB
ENSG00000272196		3.254194902879101	2.6480065873306007	0.6061883155485002	8.031279217994419	4.082224538201739e-11	2.1782750135844478e-09	Higher in TB
ENSG00000163346	PBXIP1	4.623905235033472	5.218074905806638	-0.5941696707731658	-9.399361622271618	5.072162607699058e-11	2.5811364812367195e-09	Lower in TB
ENSG00000170909	OSCAR	4.055795110576483	3.475952117532264	0.579842993044219	9.611516433154222	5.1660016056833385e-11	2.621745814884294e-09	Higher in TB
ENSG00000150337	FCGR1A	4.637108849681069	3.0560494045926445	1.5810594450884246	10.092323474195016	5.4690185906804777e-11	2.74568255912765e-09	Higher in TB
ENSG00000074660	SCARF1	3.890245082161173	2.931743803166412	0.9585012789947616	9.538694331549076	5.5659701430355984e-11	2.772001557102209e-09	Higher in TB
ENSG00000149131	SERPING1	4.428459013580286	2.6636217687396098	1.7648372448406766	9.7618006315189	6.728700325001666e-11	3.2216472398113756e-09	Higher in TB
ENSG00000233927	RPS28	5.060286032581341	5.5680695669273845	-0.5077835343460437	-8.51504168632953	8.011749356400443e-11	3.731357381050739e-09	Lower in TB
ENSG00000160883	HK3	4.80505260863614	4.187264718059462	0.6177878905766772	9.41990227773069	8.768329127225126e-11	4.0136596759817756e-09	Higher in TB
ENSG00000081059	TCF7	4.245451345901083	4.98840950076472	-0.7429581548636373	-8.423462068012435	1.2492495210106008e-10	5.394553281014032e-09	Lower in TB
ENSG00000112299	VNN1	3.105634495356852	2.4392703542511347	0.6663641411057171	7.786278050491266	1.2848775545723638e-10	5.5008001951643285e-09	Higher in TB
ENSG00000161955	TNFSF13	3.8801431276217295	3.3663803223606528	0.5137628052610768	9.284746807192596	1.3235355341150448e-10	5.643458820806525e-09	Higher in TB
ENSG00000099860	GADD45B	3.682063647562626	3.175054498526631	0.5070091490359951	9.327964457456742	1.4868885666144636e-10	6.198466712074045e-09	Higher in TB
ENSG00000139832	RAB20	2.6606797289513744	2.101841412324014	0.5588383166273605	8.856656702022665	1.7068181077112118e-10	6.9245062334693585e-09	Higher in TB
ENSG00000101224	CDC25B	3.799422484304319	4.356298086780831	-0.556875602476512	-8.605364387250019	1.7928654655816888e-10	7.169926217388356e-09	Lower in TB
ENSG00000184557	SOCS3	4.189546670471068	3.2004471560500782	0.9890995144209898	8.446242178703656	2.2026494112544458e-10	8.516911056850525e-09	Higher in TB
ENSG00000148926	ADM	3.7350192855995488	2.94604705459026	0.7889722310092888	9.095040954469743	2.381375379660545e-10	9.063076994097182e-09	Higher in TB
ENSG00000168062	BATF2	3.566246355757311	2.1961775969977	1.3700687587596114	9.427729289356432	2.517545596472481e-10	9.406484092082886e-09	Higher in TB
ENSG00000184640	SEPTIN9	5.261810030344448	5.784161514238107	-0.5223514838936598	-8.29901698792853	2.905230615375474e-10	1.0454352017871358e-08	Lower in TB
ENSG00000134243	SORT1	3.422296925558064	2.807191383526028	0.6151055420320359	9.301852381881346	2.9014674192314796e-10	1.0454352017871358e-08	Higher in TB
ENSG00000110448	CD5	3.405747535942304	3.912720654573501	-0.5069731186311972	-8.238927605010687	3.4549686585678235e-10	1.1971242053323316e-08	Lower in TB
ENSG00000111371	SLC38A1	3.161186461377996	3.806860156382496	-0.6456736950045001	-9.272249957540836	3.83868540204554e-10	1.30823519285771e-08	Lower in TB
ENSG00000186818	LILRB4	3.105701027477896	2.515648862804812	0.5900521646730836	8.968975214266447	3.9740164706970725e-10	1.3383081818540022e-08	Higher in TB
ENSG00000105369	CD79A	3.3464209228412383	4.260776728442323	-0.914355805601085	-8.68190645490731	4.0453857676814766e-10	1.3564025960003458e-08	Lower in TB
ENSG00000197694	SPTAN1	3.607028047254218	4.123988317005983	-0.516960269751765	-8.597096285107991	4.2931614798715486e-10	1.4241400319374966e-08	Lower in TB
ENSG00000116663	FBXO6	3.128269031892584	2.3999830368198465	0.7282859950727372	9.11447400233383	4.3694116417430734e-10	1.4468640393828658e-08	Higher in TB
ENSG00000139641	ESYT1	3.864758254323309	4.424449511171237	-0.5596912568479278	-8.400322230997027	6.377221903214785e-10	1.9784218648577962e-08	Lower in TB
ENSG00000120217	CD274	3.2172102248814967	2.2264321988156737	0.990778026065823	8.46913335116409	6.84910066532821e-10	2.0798992524499133e-08	Higher in TB
ENSG00000152229	PSTPIP2	3.637214917774245	2.8228712726723826	0.8143436451018626	8.73415054769096	7.125947789709936e-10	2.1361830003310243e-08	Higher in TB
ENSG00000064601	CTSA	4.995335276192492	4.4298855778370365	0.5654496983554553	8.498761436767639	1.133125893340103e-09	3.15383892459311e-08	Higher in TB
ENSG00000182541	LIMK2	5.099523245898688	4.428166805516463	0.6713564403822243	8.459180174077119	1.1404468132454983e-09	3.169491768478115e-08	Higher in TB
ENSG00000119655	NPC2	4.339656124805154	3.8343928394739897	0.5052632853311647	8.502142774089767	1.2046008780420502e-09	3.327977218685404e-08	Higher in TB
ENSG00000116824	CD2	3.567411716268736	4.089060701765383	-0.5216489854966464	-8.105892878018091	1.279604833943273e-09	3.50518599283213e-08	Lower in TB
ENSG00000038427	VCAN	4.782423895978398	4.171795418817903	0.6106284771604953	7.984382180874013	1.3201237638232786e-09	3.5835220077272606e-08	Higher in TB
ENSG00000173083	HPSE	3.321959516348733	2.7571290745148493	0.5648304418338839	7.714858443221123	1.4493417758660976e-09	3.8834873753336074e-08	Higher in TB
ENSG00000137757	CASP5	2.3493995188292898	1.8351182848158691	0.5142812340134204	8.085993040697955	1.6233230130777874e-09	4.2461037244034686e-08	Higher in TB
ENSG00000019169	MARCO	2.30610846555799	1.7907193510386452	0.5153891145193448	7.799494361053346	1.7245614193411184e-09	4.46601404182842e-08	Higher in TB
ENSG00000156738	MS4A1	2.915255791159834	3.9007026370166087	-0.9854468458567748	-8.453613366969254	3.372947931381661e-09	7.580406205353058e-08	Lower in TB
ENSG00000099204	ABLIM1	3.2501019241097797	3.826014339929796	-0.5759124158200168	-7.934789617495782	3.424133502703638e-09	7.676964861523788e-08	Lower in TB
ENSG00000133106	EPSTI1	4.1273104137582575	2.912900663711969	1.214409750046288	8.395589855801685	4.023646682249682e-09	8.700276638397451e-08	Higher in TB
ENSG00000092820	EZR	3.686470562099086	4.197098220084307	-0.5106276579852209	-8.442843002982015	4.480240819477067e-09	9.451536131245148e-08	Lower in TB
ENSG00000154451	GBP5	6.043730663675087	4.52821671588104	1.5155139477940462	8.537298967871052	4.545377569885361e-09	9.538142864626853e-08	Higher in TB
ENSG00000152766	ANKRD22	2.8196975836037903	1.78866480686772	1.0310327767360703	7.961166159398122	4.755819211378346e-09	9.877033109891857e-08	Higher in TB
ENSG00000186174	BCL9L	3.492865781608662	3.997611692477865	-0.504745910869203	-7.709873593367432	5.798553118283812e-09	1.1694792444607829e-07	Lower in TB
ENSG00000100316	RPL3	6.008520669526535	6.516954485806132	-0.508433816279596	-7.232291619381846	5.880170815933213e-09	1.1833843767065593e-07	Lower in TB
ENSG00000197043	ANXA6	4.518778714232639	5.038958378845384	-0.520179664612745	-7.784451525855775	7.331277953334616e-09	1.404296892886947e-07	Lower in TB
ENSG00000198242	RPL23A	5.455887843552659	5.959684115638468	-0.5037962720858085	-7.424173345631897	7.373525130408002e-09	1.4109421653227441e-07	Lower in TB
ENSG00000124942	AHNAK	4.798762350899541	5.343560563332939	-0.5447982124333972	-7.5656083282885	8.175782875957612e-09	1.536125965708092e-07	Lower in TB
ENSG00000073737	DHRS9	3.207229354457432	2.502396581850633	0.7048327726067987	8.08471685992713	8.962903492826509e-09	1.6540630991307105e-07	Higher in TB
ENSG00000008517	IL32	4.826830321924921	5.435159318721428	-0.6083289967965078	-7.139994420352004	9.120075435951748e-09	1.6780938802151217e-07	Lower in TB
ENSG00000141574	SECTM1	5.964206326578675	5.091650841948548	0.8725554846301273	8.512497208101067	1.0324023228421381e-08	1.8611144576640705e-07	Higher in TB
ENSG00000171860	C3AR1	3.1566164200182474	2.626511127923195	0.5301052920950524	6.937694516464938	1.115311828987451e-08	1.9799965511568095e-07	Higher in TB
ENSG00000188313	PLSCR1	3.732343223200547	2.9340553801343043	0.7982878430662428	7.776506936284692	1.3253725297382712e-08	2.281350909252715e-07	Higher in TB
ENSG00000203812		2.487998091213616	1.138649211431695	1.3493488797819209	7.715700911480024	1.4068012199933228e-08	2.412618878291579e-07	Higher in TB
ENSG00000135636	DYSF	5.376847254998829	4.621189886261657	0.7556573687371717	7.708658165881006	1.787698407128874e-08	2.944184784086319e-07	Higher in TB
ENSG00000159958	TNFRSF13C	2.280188099929686	2.804108980056468	-0.5239208801267816	-7.674298444104711	1.86247428112393e-08	3.043181948755077e-07	Lower in TB
ENSG00000008438	PGLYRP1	3.085666481246963	2.583782562773856	0.5018839184731072	6.817514567548886	1.9610923934128476e-08	3.173774830102109e-07	Higher in TB
ENSG00000198821	CD247	3.912370177836792	4.458913432677993	-0.5465432548412013	-7.199841464987155	2.018217460578085e-08	3.243016708238454e-07	Lower in TB
ENSG00000117228	GBP1	5.099093666059729	3.8043227530399	1.2947709130198288	7.841084468768519	2.0805652389276347e-08	3.3125862235475285e-07	Higher in TB
ENSG00000169228	RAB24	4.353656549697567	3.838235115802416	0.5154214338951517	7.959993121662187	2.2782372329175682e-08	3.570721850311584e-07	Higher in TB
ENSG00000178719	GRINA	5.0194675196637855	4.490678700773139	0.5287888188906464	7.228937777774997	2.353733963375964e-08	3.669310141903965e-07	Higher in TB
ENSG00000177989	CIMAP1B	3.841835975430988	3.0516133467176467	0.7902226287133409	7.668378390625026	3.1043055700677377e-08	4.627916814507305e-07	Higher in TB
ENSG00000130489		3.4204167668988936	2.7009056144826764	0.7195111524162172	7.276773074646414	3.5032499724597454e-08	5.131181007767486e-07	Higher in TB
ENSG00000171236	LRG1	4.666588454384033	3.9492770932938495	0.7173113610901822	7.306985351103526	3.5057758438162955e-08	5.131181007767486e-07	Higher in TB
ENSG00000161911	TREML1	3.019057956418101	2.4203700148887437	0.5986879415293576	6.696413795096674	3.736494285898289e-08	5.422126440049452e-07	Higher in TB
ENSG00000185885	IFITM1	6.033723626110945	5.377460717856964	0.6562629082539804	7.412809813644806	3.7425889466643713e-08	5.423801499515733e-07	Higher in TB
ENSG00000137752	CASP1	4.51474620096606	3.919891360652876	0.5948548403131837	7.532820759459328	4.431740650245375e-08	6.256023309446911e-07	Higher in TB
ENSG00000125538	IL1B	3.7242439508007217	3.1524470037643533	0.5717969470363684	7.25551874214247	5.389154241614325e-08	7.341199461443407e-07	Higher in TB
ENSG00000169508	GPR183	2.380650521869696	2.9476747480631498	-0.5670242261934537	-7.664957300015946	5.6514036065026624e-08	7.65346625210406e-07	Lower in TB
ENSG00000247982	LINC00926	2.5927939808638185	3.2345002182412177	-0.6417062373773992	-7.240851007300879	6.150171839632011e-08	8.180955076707083e-07	Lower in TB
ENSG00000069493	CLEC2D	3.177309245252858	3.787661272346014	-0.6103520270931555	-7.342297971998355	7.045183015653737e-08	9.12453800279814e-07	Lower in TB
ENSG00000120885	CLU	4.251870500125705	3.3531799153498385	0.8986905847758662	6.837716179381641	7.617712768185982e-08	9.751090038289337e-07	Higher in TB
ENSG00000069667	RORA	2.4737367655972173	3.010607225994124	-0.5368704603969063	-7.450367652511024	8.001366426470075e-08	1.0151733653583907e-06	Lower in TB
ENSG00000113263	ITK	3.285811101310055	3.79819943525314	-0.5123883339430848	-7.056390524191374	8.082738207825308e-08	1.0234116526735286e-06	Lower in TB
ENSG00000203710	CR1	3.980802907761954	3.4260013488203334	0.5548015589416209	6.588159334312161	8.141611868468378e-08	1.028773635017019e-06	Higher in TB
ENSG00000240065	PSMB9	4.942463884497114	4.423500590441888	0.5189632940552258	7.081601487176743	8.577903320167467e-08	1.0701481188385226e-06	Higher in TB
ENSG00000079385	CEACAM1	3.2218141752207456	2.669031945595642	0.5527822296251035	6.769795896010959	9.972158761352117e-08	1.211711366473729e-06	Higher in TB
ENSG00000196954	CASP4	4.6075291025660805	4.090924996436614	0.5166041061294662	7.26224473246542	1.0706938143658395e-07	1.2777174234566402e-06	Higher in TB
ENSG00000012124	CD22	2.768153059364767	3.4231375904807444	-0.6549845311159772	-6.860050552540451	1.2463948188369648e-07	1.4494190309214916e-06	Lower in TB
ENSG00000162645	GBP2	5.735400330378098	4.985111630806478	0.7502886995716196	7.4570664510670595	1.330452352563633e-07	1.5281382617760395e-06	Higher in TB
ENSG00000216490	IFI30	6.367796360577115	5.744500135831703	0.6232962247454124	7.192216200608471	1.328474863500365e-07	1.5281382617760395e-06	Higher in TB
ENSG00000188820	CALHM6	2.730654930375027	2.087622778539471	0.643032151835556	6.620346288927122	1.4390967740563128e-07	1.625926881565378e-06	Higher in TB
ENSG00000132109	TRIM21	4.092350629333209	3.5849958641702413	0.507354765162968	7.276725680025228	1.462912387665141e-07	1.6448736756191557e-06	Higher in TB
ENSG00000129667	RHBDF2	4.266364574141732	3.749171529795107	0.5171930443466248	6.970398560796297	1.480735406455872e-07	1.6589210828416235e-06	Higher in TB
ENSG00000198736	MSRB1	5.499772872636027	4.986956348839312	0.5128165237967144	7.107904685828854	1.7199908122433038e-07	1.8730348926796464e-06	Higher in TB
ENSG00000245164	LINC00861	3.558335391497715	4.2025881129044125	-0.6442527214066973	-6.858051329111979	2.0490761068572086e-07	2.15840639434096e-06	Lower in TB
ENSG00000138772	ANXA3	3.055567460459093	2.399881066748666	0.6556863937104267	6.384894626181524	2.1838280169240597e-07	2.267102392666689e-06	Higher in TB
ENSG00000168685	IL7R	4.32676883741688	5.157313505115663	-0.8305446676987831	-6.753670309312824	2.1918169347577402e-07	2.2735812455506944e-06	Lower in TB
ENSG00000100342	APOL1	3.7299007753603246	3.0307045918289024	0.6991961835314222	6.831932218981359	2.2043895370556375e-07	2.280840941498675e-06	Higher in TB
ENSG00000157551	KCNJ15	5.027717005744961	4.227042430461272	0.800674575283689	6.882474397529983	2.3420165328448658e-07	2.3979989455817274e-06	Higher in TB
ENSG00000111144	LTA4H	4.73781659592547	4.226105396738484	0.511711199186986	6.462333932401605	2.437741665632587e-07	2.4772265247467754e-06	Higher in TB
ENSG00000020633	RUNX3	3.850759899428753	4.378583702408453	-0.5278238029797002	-6.623927679858057	2.440587289035563e-07	2.4785431326823365e-06	Lower in TB
ENSG00000010030	ETV7	2.7470423239013884	1.978725120648704	0.7683172032526846	6.610999958209836	2.588857506306439e-07	2.60363504511465e-06	Higher in TB
ENSG00000168394	TAP1	5.935124720322733	5.3342042310504	0.6009204892723332	6.8300626427353	2.608539687239934e-07	2.619025665798129e-06	Higher in TB
ENSG00000148346	LCN2	2.7002653654099107	2.1243199960788006	0.5759453693311101	5.783742938938673	2.660353671122136e-07	2.6612086321305307e-06	Higher in TB
ENSG00000156587	UBE2L6	5.137327884544894	4.2710488940439255	0.8662789905009687	6.890035066882931	3.062694890253872e-07	2.980661269952127e-06	Higher in TB
ENSG00000198034	RPS4X	5.505838290821581	6.031946038051087	-0.5261077472295064	-6.272014597332641	3.108993334166046e-07	3.013158251628702e-06	Lower in TB
ENSG00000100911	PSME2	4.3213297806824	3.73414972707229	0.5871800536101102	6.679037379657959	3.247135217785875e-07	3.124114382136051e-06	Higher in TB
ENSG00000204936	CD177	2.913296477516535	1.9009003434951943	1.0123961340213403	5.68227698434174	3.293637935999295e-07	3.162181590389648e-06	Higher in TB
ENSG00000198814	GK	3.9947497456058594	3.2794550473771573	0.7152946982287021	6.602925172354475	3.404657297617475e-07	3.2441520250155085e-06	Higher in TB
ENSG00000135604	STX11	3.924291517257359	3.3702226779536653	0.5540688393036937	6.659168296385839	3.793716975537201e-07	3.552628544787005e-06	Higher in TB
ENSG00000149311	ATM	3.2542218142280968	3.813478257210353	-0.5592564429822557	-6.690475781553811	4.735976587147301e-07	4.295730876229383e-06	Lower in TB
ENSG00000025708	TYMP	6.013438612061917	5.309370185707744	0.7040684263541737	6.700176024448924	5.347484209132846e-07	4.748911796945555e-06	Higher in TB
ENSG00000152601	MBNL1	3.857503958720936	4.405998879741629	-0.5484949210206937	-6.2366630772455	6.370495438397038e-07	5.520898970185758e-06	Lower in TB
ENSG00000140105	WARS1	5.558751911060195	4.75592307920352	0.802828831856675	6.184955959208233	6.630028420691318e-07	5.67212142853097e-06	Higher in TB
ENSG00000142875	PRKACB	2.6877110987154538	3.1899048789941937	-0.50219378027874	-6.541722076680075	7.332024234723748e-07	6.162596066953228e-06	Lower in TB
ENSG00000142089	IFITM3	6.550571818157884	5.271179631625613	1.279392186532271	6.562192229187067	8.448059110226321e-07	6.892789512563861e-06	Higher in TB
ENSG00000005961	ITGA2B	3.4936525296260337	2.704874443777771	0.7887780858482625	5.9299350158581134	9.522342866334546e-07	7.611475608510672e-06	Higher in TB
ENSG00000174944	P2RY14	2.870688131697693	2.1885447468306243	0.6821433848670693	6.06005679004328	9.617463880475994e-07	7.679168680280874e-06	Higher in TB
ENSG00000221963	APOL6	4.331261814561265	3.700858131361657	0.6304036831996078	6.252366895615787	1.0078712622629189e-06	7.98268735078884e-06	Higher in TB
ENSG00000126262	FFAR2	5.369184551268635	4.800476401587091	0.5687081496815436	6.180450254250659	1.2105751731828318e-06	9.323176055407244e-06	Higher in TB
ENSG00000187116	LILRA5	5.102587502288662	4.327309944404065	0.7752775578845972	6.121046577791928	1.231494908756572e-06	9.458807836477208e-06	Higher in TB
ENSG00000167483	NIBAN3	2.4160221438126643	2.9613276191727427	-0.5453054753600783	-6.167356659363207	1.2773063888640894e-06	9.724816191775677e-06	Lower in TB
ENSG00000007312	CD79B	2.9456613154109053	3.4730482395861397	-0.527386924175234	-6.152648001635104	1.2827641050854162e-06	9.746502207719786e-06	Lower in TB
ENSG00000163736	PPBP	2.958793828655738	2.444532572422196	0.5142612562335418	5.623264194874108	1.4350502133766708e-06	1.0737579240794351e-05	Higher in TB
ENSG00000163221	S100A12	3.7623801425386216	2.9425883417405068	0.8197918007981149	5.879357387831082	1.477618694442041e-06	1.1020769463817712e-05	Higher in TB
ENSG00000138496	PARP9	4.599378716749107	3.9154646108546016	0.6839141058945053	6.228583721802602	1.8543680123740129e-06	1.3361179397799792e-05	Higher in TB
ENSG00000211899	IGHM	5.075400811171464	5.893621678629296	-0.8182208674578328	-5.668834639097993	2.110188295203876e-06	1.4911039198345663e-05	Lower in TB
ENSG00000002549	LAP3	4.0901858328450205	3.210113619479379	0.8800722133656413	5.901324283478888	2.3540912006039797e-06	1.6289369122815826e-05	Higher in TB
ENSG00000255398	HCAR3	4.2949787927774645	3.497051852080338	0.7979269406971259	5.999005814214938	2.4281533761644703e-06	1.670283331611331e-05	Higher in TB
ENSG00000153563	CD8A	3.656391058609057	4.289024337312902	-0.6326332787038442	-5.776876690549723	2.68977349142483e-06	1.822721688165825e-05	Lower in TB
ENSG00000196189	SEMA4A	4.465287998055915	3.956978504747326	0.5083094933085892	5.851946312137928	3.0045811788141496e-06	2.0011967937066e-05	Higher in TB
ENSG00000123610	TNFAIP6	2.9142208739430884	2.292238923732845	0.6219819502102433	5.6572947568359	3.3871802682962264e-06	2.2118524017727384e-05	Higher in TB
ENSG00000103196	CRISPLD2	3.8269056131125376	3.315070202996404	0.5118354101161335	5.687446611269503	3.761151285229129e-06	2.4205121089917027e-05	Higher in TB
ENSG00000177409	SAMD9L	4.260100786380263	3.5692311927135925	0.6908695936666702	5.856467095560991	3.870700516508184e-06	2.479988907037573e-05	Higher in TB
ENSG00000146859	TMEM140	4.670105560188788	4.108358450222324	0.5617471099664639	5.689429314858964	4.518848005612789e-06	2.818771053868552e-05	Higher in TB
ENSG00000162551	ALPL	5.620132686183822	5.0103912358790845	0.6097414503047371	5.339812601733799	5.4361364654648965e-06	3.277123454777999e-05	Higher in TB
ENSG00000166523	CLEC4E	3.5318631073163957	2.974833424181855	0.5570296831345405	5.609855519376064	5.685008166990201e-06	3.400501184393463e-05	Higher in TB
ENSG00000254859		1.558475319339237	1.049076291782279	0.5093990275569582	5.63416327626956	5.70106137997694e-06	3.40495754181162e-05	Higher in TB
ENSG00000244482	LILRA6	4.281919595629078	3.770101417752556	0.5118181778765223	5.445968164661518	6.073475768671381e-06	3.600562193458307e-05	Higher in TB
ENSG00000162654	GBP4	4.059584310691322	3.392125178258249	0.6674591324330725	5.495851978800815	6.178139887347797e-06	3.655849417307036e-05	Higher in TB
ENSG00000178397	FAM220A	0.7348143749690009	1.3588687637987549	-0.6240543888297537	-5.305996630301307	6.446948424792573e-06	3.782695846101983e-05	Lower in TB
ENSG00000268500	SIGLEC5	3.396202454773438	2.8513838352756844	0.5448186194977538	5.484497013074177	6.678855226920533e-06	3.902825413578469e-05	Higher in TB
ENSG00000128335	APOL2	4.449523980355651	3.8886841216368047	0.5608398587188463	5.605572803779277	8.24606017485709e-06	4.661120454770914e-05	Higher in TB
ENSG00000115415	STAT1	5.55703057266798	4.8433618511705046	0.7136687214974753	5.624665481468614	8.265505396371635e-06	4.6678735646397534e-05	Higher in TB
ENSG00000132274	TRIM22	5.337962824879857	4.719376819879498	0.6185860050003589	5.449597080206505	8.413686362546365e-06	4.74581717024814e-05	Higher in TB
ENSG00000102524	TNFSF13B	3.754529951934028	3.1936836291873965	0.5608463227466314	5.495193230281861	8.804880481592217e-06	4.918588384223695e-05	Higher in TB
ENSG00000249437	NAIP	4.628968697316466	4.040787065374676	0.5881816319417901	5.246467984946519	1.097746838458184e-05	5.9252947846951e-05	Higher in TB
ENSG00000206047	DEFA1	3.56386767455914	2.0771066937098133	1.4867609808493265	5.185650324465509	1.2314578476961726e-05	6.539296776677202e-05	Higher in TB
ENSG00000182782	HCAR2	4.031358229069116	3.4090128568776845	0.6223453721914312	5.305926832061523	1.3728666553521836e-05	7.15192682157807e-05	Higher in TB
ENSG00000113140	SPARC	4.138784877028114	3.496277620300458	0.6425072567276557	5.0380375308371175	1.3785236142055352e-05	7.172116919875422e-05	Higher in TB
ENSG00000101335	MYL9	3.271998753690624	2.5301310933630594	0.7418676603275642	5.109046564521268	1.4364650681773472e-05	7.419087835531012e-05	Higher in TB
ENSG00000276017		3.8852168322717793	3.174222046500538	0.7109947857712413	5.157118995754066	1.522674605069935e-05	7.793223054065801e-05	Higher in TB
ENSG00000121858	TNFSF10	4.55495527171391	3.915631605106131	0.6393236666077788	5.257046198015116	1.6236702105678516e-05	8.237887762174735e-05	Higher in TB
ENSG00000012223	LTF	3.003944824691361	2.317553630705613	0.6863911939857483	4.744033227549305	1.8011381073544564e-05	8.996537922693722e-05	Higher in TB
ENSG00000147162	OGT	4.512529311434917	5.028490076354862	-0.5159607649199449	-5.244409820359032	1.85119501735371e-05	9.20716861360796e-05	Lower in TB
ENSG00000151726	ACSL1	6.178930835206025	5.675985703011904	0.502945132194121	5.096332182319002	1.926772078145455e-05	9.52976571277662e-05	Higher in TB
ENSG00000185507	IRF7	4.619046409246611	3.928445570322255	0.6906008389243561	5.111488097645888	2.0476005764200557e-05	0.0001003173881564	Higher in TB
ENSG00000137965	IFI44	2.945135731172638	2.3193409401886123	0.6257947909840258	4.982234029001701	2.3936748015851156e-05	0.0001144502575381	Higher in TB
ENSG00000010327	STAB1	3.9062121903925617	3.377609500355914	0.5286026900366476	4.987373096781211	2.7827560392506287e-05	0.0001297970823902	Higher in TB
ENSG00000068079	IFI35	3.8152150401688183	3.1421313366661687	0.67308370350265	5.155396294974893	2.849983963120362e-05	0.0001323378928275	Higher in TB
ENSG00000286075	SMIM10L3	1.6945754110627995	1.0441819480639256	0.6503934629988739	4.965441195195565	3.245590422769811e-05	0.0001469802297178	Higher in TB
ENSG00000132530	XAF1	4.122745375689115	3.46393720011143	0.6588081755776845	4.90698402336683	3.4895085728809194e-05	0.0001558719495506	Higher in TB
ENSG00000278633		3.3174152731011746	2.73549820415732	0.5819170689438544	4.690384802281404	4.726464402982534e-05	0.000202318242471	Higher in TB
ENSG00000285565		1.7866517257865997	1.0389840356961997	0.7476676900904002	4.8057150650773774	5.637039602043381e-05	0.0002349940884101	Higher in TB
ENSG00000119917	IFIT3	5.077601308301034	4.0741532004730505	1.0034481078279835	4.799875791808792	6.851188593536001e-05	0.0002774345146853	Higher in TB
ENSG00000125148	MT2A	3.2580564669121577	2.749154979949739	0.5089014869624187	4.608186652376633	7.233573927751925e-05	0.0002904063426303	Higher in TB
ENSG00000140464	PML	4.217640487132359	3.684706038842731	0.5329344482896277	4.575786259387488	0.0001083820033479	0.0004128375065317	Higher in TB
ENSG00000100985	MMP9	4.439395537808234	3.763309130664882	0.6760864071433517	4.414662470750348	0.0001255528877743	0.0004695285807117	Higher in TB
ENSG00000203618	GP1BB	3.5913427007254044	3.063020330955053	0.5283223697703514	4.299870832973432	0.0001344573288276	0.0004984368942406	Higher in TB
ENSG00000173868	PHOSPHO1	4.772075943677364	5.286153178625804	-0.5140772349484397	-4.236232382425216	0.0001982522976177	0.000694924908091	Lower in TB
ENSG00000089127	OAS1	4.3350935116046845	3.661710312233818	0.6733831993708663	4.150997619369933	0.0002552299560256	0.000864467656644	Higher in TB
ENSG00000137959	IFI44L	3.219010879164695	2.542039537698591	0.6769713414661043	4.076892695708277	0.0002882998705435	0.000961651791797	Higher in TB
ENSG00000273333		0.3403381952586556	1.1669580027897015	-0.8266198075310458	-4.222185147174413	0.0003079593650128	0.0010170555439397	Lower in TB
ENSG00000100225	FBXO7	4.946241358609181	5.467261184754207	-0.5210198261450261	-4.0006416792961055	0.0003253234913436	0.0010653588504883	Lower in TB
ENSG00000143546	S100A8	5.175258021541671	4.29334410842862	0.8819139131130509	4.004874649985217	0.0004125161532035	0.0013046827565163	Higher in TB
ENSG00000173193	PARP14	5.057637845702262	4.5197164624667545	0.5379213832355072	3.951187535777167	0.0005843632541307	0.00177053344162	Higher in TB
ENSG00000134321	RSAD2	3.764183788732004	2.934796813487444	0.8293869752445602	3.793619632699948	0.0007377965714688	0.0021658423088262	Higher in TB
ENSG00000126709	IFI6	4.740538793352291	3.9492553815634377	0.7912834117888536	3.823666228963458	0.0007722360364169	0.0022563016608451	Higher in TB
ENSG00000188536	HBA2	4.823051361880372	5.448398807862833	-0.6253474459824604	-3.2442480156086573	0.0021182794339101	0.0053883120005047	Lower in TB
ENSG00000160932	LY6E	5.249580158522436	4.745569700362846	0.5040104581595903	3.171841829787487	0.0028763252369476	0.0070496391240464	Higher in TB
ENSG00000111331	OAS3	4.3755212219750685	3.69811718174614	0.6774040402289283	3.2290862577559456	0.0032209345352528	0.0077668396875897	Higher in TB
ENSG00000115523	GNLY	5.096172095656077	5.623566291063798	-0.5273941954077213	-3.1821086286551985	0.0032502515671079	0.0078183537180973	Lower in TB
ENSG00000240247	DEFA1	3.2981673067789954	2.634788809580636	0.6633784971983596	3.1356559401203032	0.0035290470478397	0.0083927776219857	Higher in TB
ENSG00000135114	OASL	3.633182565660962	3.099372194849098	0.5338103708118647	3.1679113208895555	0.0039159576084844	0.0091670123208894	Higher in TB
ENSG00000119922	IFIT2	4.928073392581522	4.354979446518338	0.5730939460631843	3.165290010975457	0.0041646548504066	0.0096607991536696	Higher in TB
ENSG00000187608	ISG15	3.832130609121197	3.13010515152404	0.7020254575971565	3.119504466068633	0.0042833872608134	0.0099042530474287	Higher in TB
ENSG00000239839	DEFA3	3.055183421434813	2.4892816798228803	0.5659017416119325	3.006111089207486	0.0044415638965364	0.0102256715152507	Higher in TB
ENSG00000229807	XIST	2.143968081394707	3.1213975187796605	-0.9774294373849536	-2.711778621991708	0.0116826329721576	0.0235722616019897	Lower in TB
